player,mins,goals,assists,ga,wcs,fw,squad,ga90
Aaron Lennon,256,0,0.0,0.0,2,True,engEngland,0.0
Aarón Padilla Gutiérrez,540,0,0.0,0.0,2,True,mxMexico,0.0
Abde Ezzalzouli,93,0,0.0,0.0,1,True,maMorocco,0.0
Abdeljalil Hadda,262,2,1.0,3.0,1,True,maMorocco,1.0305343511450382
Abdelkrim Merry,360,1,0.0,1.0,1,True,maMorocco,0.25
Abdul Kader Keïta,243,0,0.0,0.0,2,True,ciCôte d'Ivoire,0.0
Abdulaziz Al-Anberi,270,0,0.0,0.0,1,True,kwKuwait,0.0
Abdullah Al-Buloushi,270,1,0.0,1.0,1,True,kwKuwait,0.33333333333333337
Abel Balbo,450,1,0.0,1.0,3,True,arArgentina,0.2
Adam Lallana,92,0,0.0,0.0,1,True,engEngland,0.0
Adel Sellimi,337,0,0.0,0.0,2,True,tnTunisia,0.0
Admir Mehmedi,337,1,0.0,1.0,1,True,chSwitzerland,0.26706231454005935
Adnan Al Talyani,270,0,0.0,0.0,1,True,aeUAE,0.0
Adnan Januzaj,144,1,0.0,1.0,2,True,beBelgium,0.625
Adolfo Valencia,342,2,0.0,2.0,2,True,coColombia,0.5263157894736842
Adrian Alston,244,0,0.0,0.0,1,True,auAustralia,0.0
Adrian Ilie,315,1,0.0,1.0,1,True,roRomania,0.2857142857142857
Adrian Knup,260,2,0.0,2.0,1,True,chSwitzerland,0.6923076923076923
Adriano,265,2,0.0,2.0,1,True,brBrazil,0.6792452830188679
Adrián Ramos,141,0,1.0,1.0,1,True,coColombia,0.6382978723404256
Agustín Balbuena,309,0,0.0,0.0,1,True,arArgentina,0.0
Agustín Delgado,532,3,0.0,3.0,2,True,ecEcuador,0.5075187969924811
Ahmed Bahja,202,0,0.0,0.0,1,True,maMorocco,0.0
Ahmed El-Kass,241,0,0.0,0.0,1,True,egEgypt,0.0
Ahmed Musa,542,4,0.0,4.0,2,True,ngNigeria,0.6642066420664207
Ahmed Radhi,270,1,0.0,1.0,1,True,iqIraq,0.33333333333333337
Ahmed Ramzy,159,0,0.0,0.0,1,True,egEgypt,0.0
Ahn Jung-hwan,624,3,0.0,3.0,2,True,krKorea Republic,0.4326923076923077
Akinori Nishizawa,90,0,0.0,0.0,1,True,jpJapan,0.0
Akram Afif,270,0,0.0,0.0,1,True,qaQatar,0.0
Akwá,199,0,0.0,0.0,1,True,aoAngola,0.0
Al Hasan Al-Yami,222,0,0.0,0.0,1,True,saSaudi Arabia,0.0
Alain Boghossian,221,0,0.0,0.0,1,True,frFrance,0.0
Alain Couriol,119,1,0.0,1.0,1,True,frFrance,0.7563025210084033
Alan McInally,90,0,0.0,0.0,1,True,sctScotland,0.0
Alan Shearer,390,2,1.0,3.0,1,True,engEngland,0.6923076923076923
Alberto Fouilloux,180,0,0.0,0.0,1,True,clChile,0.0
Alberto Gallardo,345,2,0.0,2.0,1,True,pePeru,0.5217391304347826
Alberto Gilardino,420,1,0.0,1.0,2,True,itItaly,0.2142857142857143
Alberto Mario González,360,0,0.0,0.0,1,True,arArgentina,0.0
Alcindo,180,0,0.0,0.0,1,True,brBrazil,0.0
Aldo Serena,111,1,0.0,1.0,1,True,itItaly,0.8108108108108109
Alejandro Bedoya,283,0,0.0,0.0,1,True,usUnited States,0.0
Aleksandar Kostov,90,0,0.0,0.0,1,True,bgBulgaria,0.0
Aleksandar Mitrović,528,3,0.0,3.0,2,True,rsSerbia,0.5113636363636364
Aleksandr Golovin,401,1,2.0,3.0,1,True,ruRussia,0.6733167082294265
Aleksandr Kerzhakov,110,1,0.0,1.0,2,True,ruRussia,0.8181818181818181
Aleksandr Kokorin,270,1,0.0,1.0,1,True,ruRussia,0.33333333333333337
Alen Bokšić,246,0,0.0,0.0,1,True,hrCroatia,0.0
Alessandro Altobelli,474,5,0.0,5.0,2,True,itItaly,0.9493670886075949
Alessandro Del Piero,501,2,1.0,3.0,3,True,itItaly,0.5389221556886228
Alexander Frei,445,2,0.0,2.0,2,True,chSwitzerland,0.40449438202247195
Alexandre Czerniatynski,399,1,0.0,1.0,2,True,beBelgium,0.22556390977443608
Alexandru Neagu,198,1,0.0,1.0,1,True,roRomania,0.4545454545454546
Alexis Alexandris,90,0,0.0,0.0,1,True,grGreece,0.0
Alexis Sánchez,724,2,1.0,3.0,2,True,clChile,0.3729281767955801
Alexis Vega,193,0,0.0,0.0,1,True,mxMexico,0.0
Alfonso Pérez,121,0,0.0,0.0,1,True,esSpain,0.0
Alfredo Mendoza,305,0,0.0,0.0,1,True,pyParaguay,0.0
Alfreð Finnbogason,262,1,0.0,1.0,1,True,isIceland,0.34351145038167935
Ali Daei,450,0,1.0,1.0,2,True,irIR Iran,0.2
Ali Gholizadeh,199,0,1.0,1.0,1,True,irIR Iran,0.45226130653266333
Ali Karimi,225,0,0.0,0.0,2,True,irIR Iran,0.0
Ali Parvin,270,0,0.0,0.0,1,True,irIR Iran,0.0
Alireza Jahanbakhsh,276,0,0.0,0.0,3,True,irIR Iran,0.0
Allan Clarke,90,1,0.0,1.0,1,True,engEngland,1.0
Ally McCoist,103,0,0.0,0.0,1,True,sctScotland,0.0
Almoez Ali,224,0,0.0,0.0,1,True,qaQatar,0.0
Alphonse Tchami,94,0,0.0,0.0,2,True,cmCameroon,0.0
Alphonso Davies,270,1,0.0,1.0,1,True,caCanada,0.33333333333333337
Amancio Amaro,180,1,0.0,1.0,1,True,esSpain,0.5
Anatoliy Banishevskiy,450,1,0.0,1.0,1,True,suSoviet Union,0.2
Anatoliy Byshovets,390,4,0.0,4.0,1,True,suSoviet Union,0.9230769230769231
Anatoliy Puzach,90,0,0.0,0.0,1,True,suSoviet Union,0.0
Andraž Kirm,258,0,0.0,0.0,1,True,siSlovenia,0.0
Andrea Carnevale,124,0,0.0,0.0,1,True,itItaly,0.0
Andreas Andersson,139,0,0.0,0.0,1,True,seSweden,0.0
Andreas Cornelius,254,0,0.0,0.0,2,True,dkDenmark,0.0
Andreas Ogris,225,1,0.0,1.0,1,True,atAustria,0.4
Andreas Skov Olsen,132,0,0.0,0.0,1,True,dkDenmark,0.0
Andrej Kramarić,808,3,0.0,3.0,2,True,hrCroatia,0.3341584158415841
Andrej Kvašňák,135,0,0.0,0.0,1,True,csCzechoslovakia,0.0
Andrew Nabbout,137,0,0.0,0.0,1,True,auAustralia,0.0
Andrija Živković,226,0,2.0,2.0,2,True,rsSerbia,0.7964601769911505
Andriy Shevchenko,472,2,0.0,2.0,1,True,uaUkraine,0.3813559322033898
Andriy Vorobey,245,0,0.0,0.0,1,True,uaUkraine,0.0
Andriy Voronin,368,0,0.0,0.0,1,True,uaUkraine,0.0
Andrzej Iwan,201,0,0.0,0.0,2,True,plPoland,0.0
Andrzej Pałasz,110,0,0.0,0.0,1,True,plPoland,0.0
Andrzej Szarmach,1000,7,0.0,7.0,3,True,plPoland,0.63
András Törőcsik,322,0,0.0,0.0,2,True,huHungary,0.0
André Ayew,848,3,0.0,3.0,3,True,ghGhana,0.31839622641509435
André Schürrle,249,3,1.0,4.0,1,True,deGermany,1.4457831325301203
André Silva,143,0,0.0,0.0,2,True,ptPortugal,0.0
André-Pierre Gignac,96,0,0.0,0.0,1,True,frFrance,0.0
Andrés Guardado,881,1,0.0,1.0,5,True,mxMexico,0.1021566401816118
Angelo Domenghini,473,1,0.0,1.0,1,True,itItaly,0.19027484143763215
Anice Badri,225,0,0.0,0.0,1,True,tnTunisia,0.0
Anis Ben Slimane,148,0,0.0,0.0,1,True,tnTunisia,0.0
Antal Nagy,196,0,0.0,0.0,1,True,huHungary,0.0
Ante Rebić,589,1,0.0,1.0,2,True,hrCroatia,0.15280135823429541
Anthony Contreras,125,0,0.0,0.0,1,True,crCosta Rica,0.0
Antoine Griezmann,1399,4,5.0,9.0,3,True,frFrance,0.5789849892780558
Antonio Alzamendi,263,1,0.0,1.0,2,True,uyUruguay,0.34220532319391633
Antonio Candreva,134,0,1.0,1.0,1,True,itItaly,0.6716417910447761
Antonio Di Natale,154,1,0.0,1.0,1,True,itItaly,0.5844155844155845
Antony de Ávila,208,0,0.0,0.0,2,True,coColombia,0.0
António Mendonça,270,0,0.0,0.0,1,True,aoAngola,0.0
António Simões,540,1,0.0,1.0,1,True,ptPortugal,0.16666666666666669
Ariel Ortega,870,2,2.0,4.0,3,True,arArgentina,0.41379310344827586
Arjen Robben,1346,6,1.0,7.0,3,True,nlNetherlands,0.46805349182763745
Arkadiusz Milik,173,0,0.0,0.0,2,True,plPoland,0.0
Armando Tobar,90,0,0.0,0.0,1,True,clChile,0.0
Arnoldo Iguarán,222,0,0.0,0.0,1,True,coColombia,0.0
Arouna Koné,176,0,0.0,0.0,1,True,ciCôte d'Ivoire,0.0
Artem Dzyuba,331,3,2.0,5.0,1,True,ruRussia,1.3595166163141994
Aruna Dindane,325,2,0.0,2.0,2,True,ciCôte d'Ivoire,0.5538461538461539
Arístides Rojas,126,0,1.0,1.0,1,True,pyParaguay,0.7142857142857142
Asamoah Gyan,1032,6,1.0,7.0,3,True,ghGhana,0.6104651162790697
Ashkan Dejagah,228,0,0.0,0.0,1,True,irIR Iran,0.0
Atanas Mihaylov,93,0,0.0,0.0,1,True,bgBulgaria,0.0
Atsushi Yanagisawa,363,0,0.0,0.0,2,True,jpJapan,0.0
Attila Abonyi,135,0,0.0,0.0,1,True,auAustralia,0.0
Ayoub El Kaabi,98,0,0.0,0.0,1,True,maMorocco,0.0
Aziz Bouderbala,360,0,0.0,0.0,1,True,maMorocco,0.0
Bakari Koné,121,1,0.0,1.0,1,True,ciCôte d'Ivoire,0.743801652892562
Bamba Dieng,100,1,0.0,1.0,1,True,snSenegal,0.9
Bartholomew Ogbeche,159,0,0.0,0.0,1,True,ngNigeria,0.0
Bebeto,1186,6,2.0,8.0,3,True,brBrazil,0.6070826306913997
Ben Halloran,90,0,0.0,0.0,1,True,auAustralia,0.0
Benedict Akwuegbu,90,0,0.0,0.0,1,True,ngNigeria,0.0
Benjamin Moukandjo,237,0,0.0,0.0,1,True,cmCameroon,0.0
Benni McCarthy,469,2,0.0,2.0,2,True,zaSouth Africa,0.3837953091684435
Benny Wendt,212,0,0.0,0.0,1,True,seSweden,0.0
Bernard,158,0,0.0,0.0,1,True,brBrazil,0.0
Bernard Diomède,222,0,0.0,0.0,1,True,frFrance,0.0
Bernard Lacombe,336,1,0.0,1.0,2,True,frFrance,0.26785714285714285
Bernd Hölzenbein,670,1,0.0,1.0,2,True,deWest Germany,0.13432835820895522
Billy Hamilton,585,2,0.0,2.0,2,True,nirNorthern Ireland,0.3076923076923077
Blaise Nkufo,225,0,0.0,0.0,1,True,chSwitzerland,0.0
Blas Pérez,162,0,0.0,0.0,1,True,paPanama,0.0
Bo Larsson,920,0,0.0,0.0,3,True,seSweden,0.0
Bobby Charlton,855,3,0.0,3.0,2,True,engEngland,0.3157894736842105
Bobby Convey,158,0,0.0,0.0,1,True,usUnited States,0.0
Boudewijn Zenden,197,1,0.0,1.0,1,True,nlNetherlands,0.45685279187817257
Boulaye Dia,318,1,0.0,1.0,1,True,snSenegal,0.2830188679245283
Branko Buljevic,240,0,0.0,0.0,1,True,auAustralia,0.0
Breel Embolo,460,2,1.0,3.0,2,True,chSwitzerland,0.5869565217391304
Brendan Augustine,100,0,0.0,0.0,1,True,zaSouth Africa,0.0
Brenden Aaronson,108,0,0.0,0.0,1,True,usUnited States,0.0
Brennan Johnson,91,0,0.0,0.0,1,True,wlsWales,0.0
Brett Holman,137,2,0.0,2.0,1,True,auAustralia,1.313868613138686
Brian Laudrup,427,2,3.0,5.0,1,True,dkDenmark,1.053864168618267
Brian McBride,808,3,0.0,3.0,3,True,usUnited States,0.3341584158415841
Bruce Murray,247,1,0.0,1.0,1,True,usUnited States,0.3643724696356275
Bruno Bellone,312,0,0.0,0.0,2,True,frFrance,0.0
Bruno Fernandes,444,2,3.0,5.0,2,True,ptPortugal,1.0135135135135134
Bruno Petković,234,1,0.0,1.0,1,True,hrCroatia,0.38461538461538464
Bruno Versavel,268,0,0.0,0.0,1,True,beBelgium,0.0
Bryan Mbeumo,233,0,0.0,0.0,1,True,cmCameroon,0.0
Bryan Roy,252,1,0.0,1.0,1,True,nlNetherlands,0.3571428571428571
Bryan Ruiz,792,2,0.0,2.0,3,True,crCosta Rica,0.2272727272727273
Buenaventura Ferreira,360,0,0.0,0.0,1,True,pyParaguay,0.0
Bukayo Saka,288,3,0.0,3.0,1,True,engEngland,0.9375
Byun Byung-joo,336,0,0.0,0.0,2,True,krKorea Republic,0.0
Cacau,206,1,0.0,1.0,1,True,deGermany,0.4368932038834951
Careca,832,7,0.0,7.0,2,True,brBrazil,0.7572115384615384
Carl Valentine,270,0,0.0,0.0,1,True,caCanada,0.0
Carlo Costly,219,1,0.0,1.0,1,True,hnHonduras,0.410958904109589
Carlos Aguilera,350,0,0.0,0.0,2,True,esSpain,0.0
Carlos Babington,450,1,0.0,1.0,1,True,arArgentina,0.2
Carlos Bacca,115,0,0.0,0.0,2,True,coColombia,0.0
Carlos Caszely,303,0,0.0,0.0,2,True,clChile,0.0
Carlos Estrada,239,0,0.0,0.0,1,True,coColombia,0.0
Carlos Hermosillo,169,0,0.0,0.0,1,True,mxMexico,0.0
Carlos Lapetra,90,0,0.0,0.0,1,True,esSpain,0.0
Carlos Tenorio,338,2,0.0,2.0,2,True,ecEcuador,0.5325443786982248
Carlos Tevez,610,3,0.0,3.0,2,True,arArgentina,0.4426229508196722
Carlos Vela,411,1,0.0,1.0,2,True,mxMexico,0.21897810218978103
Carsten Jancker,185,1,0.0,1.0,1,True,deGermany,0.4864864864864865
Celso Borges,1016,0,0.0,0.0,3,True,crCosta Rica,0.0
Cesc Fàbregas,380,0,1.0,1.0,3,True,esSpain,0.23684210526315788
Cha Bum-kun,270,0,0.0,0.0,1,True,krKorea Republic,0.0
Charlie Nicholas,111,0,0.0,0.0,1,True,sctScotland,0.0
Chinedu Obasi,194,0,0.0,0.0,1,True,ngNigeria,0.0
Cho Gue-sung,275,2,0.0,2.0,1,True,krKorea Republic,0.6545454545454545
Cho Jae-jin,262,0,0.0,0.0,1,True,krKorea Republic,0.0
Choi Soon-ho,450,1,0.0,1.0,2,True,krKorea Republic,0.2
Choi Yong-soo,164,0,0.0,0.0,2,True,krKorea Republic,0.0
Chris Killen,238,0,0.0,0.0,1,True,nzNew Zealand,0.0
Chris Waddle,820,0,0.0,0.0,2,True,engEngland,0.0
Christian Atsu,238,0,0.0,0.0,1,True,ghGhana,0.0
Christian Dalger,90,0,0.0,0.0,1,True,frFrance,0.0
Christian Pulisic,315,1,2.0,3.0,1,True,usUnited States,0.8571428571428572
Christian Vieri,819,9,0.0,9.0,2,True,itItaly,0.989010989010989
Christophe Dugarry,204,1,0.0,1.0,2,True,frFrance,0.4411764705882353
Claes Cronqvist,90,0,0.0,0.0,1,True,seSweden,0.0
Claude Barthélemy,99,0,0.0,0.0,1,True,htHaiti,0.0
Claudio Borghi,118,0,0.0,0.0,1,True,arArgentina,0.0
Claudio Caniggia,760,4,0.0,4.0,2,True,arArgentina,0.47368421052631576
Claudio Jara,335,0,0.0,0.0,1,True,crCosta Rica,0.0
Claudio López,492,1,2.0,3.0,2,True,arArgentina,0.5487804878048781
Clint Dempsey,927,4,0.0,4.0,3,True,usUnited States,0.38834951456310673
Clint Mathis,204,1,0.0,1.0,1,True,usUnited States,0.4411764705882353
Clodoaldo,523,1,0.0,1.0,1,True,brBrazil,0.17208413001912046
Cobi Jones,529,0,0.0,0.0,3,True,usUnited States,0.0
Cody Gakpo,450,3,0.0,3.0,1,True,nlNetherlands,0.6000000000000001
Colin Clarke,190,1,0.0,1.0,1,True,nirNorthern Ireland,0.47368421052631576
Conny Torstensson,430,1,0.0,1.0,2,True,seSweden,0.20930232558139533
Cornell Glen,100,0,0.0,0.0,1,True,ttTrin & Tobago,0.0
Cristhian Stuani,255,0,0.0,0.0,2,True,uyUruguay,0.0
Cristian Pavón,155,0,0.0,0.0,1,True,arArgentina,0.0
Cristiano Ronaldo,1762,8,1.0,9.0,5,True,ptPortugal,0.45970488081725314
Cristóbal Ortega,90,0,0.0,0.0,1,True,mxMexico,0.0
Cuauhtémoc Blanco,820,3,2.0,5.0,3,True,mxMexico,0.5487804878048781
Cyle Larin,137,0,0.0,0.0,1,True,caCanada,0.0
Cyrille Makanaky,413,0,0.0,0.0,1,True,cmCameroon,0.0
DaMarcus Beasley,829,0,0.0,0.0,4,True,usUnited States,0.0
Dado Pršo,270,0,0.0,0.0,1,True,hrCroatia,0.0
Dagoberto Fontes,267,0,0.0,0.0,1,True,uyUruguay,0.0
Daichi Kamada,322,0,0.0,0.0,1,True,jpJapan,0.0
Daisuke Matsui,268,0,0.0,0.0,1,True,jpJapan,0.0
Daizen Maeda,180,1,0.0,1.0,1,True,jpJapan,0.5
Dale Mitchell,90,0,0.0,0.0,1,True,caCanada,0.0
Damien Duff,390,1,0.0,1.0,1,True,ieRep. of Ireland,0.23076923076923078
Dani Olmo,367,1,1.0,2.0,1,True,esSpain,0.49046321525885556
Dani Shmulevich-Rom,101,0,0.0,0.0,1,True,ilIsrael,0.0
Daniel Amokachi,370,2,1.0,3.0,2,True,ngNigeria,0.7297297297297298
Daniel Bertoni,876,4,0.0,4.0,2,True,arArgentina,0.410958904109589
Daniel Colindres,98,0,0.0,0.0,1,True,crCosta Rica,0.0
Daniel Fonseca,119,1,0.0,1.0,1,True,uyUruguay,0.7563025210084033
Daniel James,154,0,0.0,0.0,1,True,wlsWales,0.0
Daniel Ruiz,90,1,0.0,1.0,1,True,esSpain,1.0
Daniel Sturridge,259,1,0.0,1.0,1,True,engEngland,0.3474903474903475
Daniel Veyt,501,1,0.0,1.0,1,True,beBelgium,0.17964071856287422
Daniele Massaro,443,1,0.0,1.0,1,True,itItaly,0.20316027088036115
Danilo Popivoda,90,0,0.0,0.0,1,True,yuYugoslavia,0.0
Danny Welbeck,142,0,0.0,0.0,2,True,engEngland,0.0
Darius Vassell,99,0,0.0,0.0,1,True,engEngland,0.0
Dariusz Dziekanowski,325,0,0.0,0.0,1,True,plPoland,0.0
Darko Pančev,182,2,0.0,2.0,1,True,yuYugoslavia,0.989010989010989
Darren Jackson,137,0,0.0,0.0,1,True,sctScotland,0.0
Darwin Núñez,240,0,0.0,0.0,1,True,uyUruguay,0.0
Darío Silva,239,0,0.0,0.0,1,True,uyUruguay,0.0
David Embé,190,1,0.0,1.0,1,True,cmCameroon,0.47368421052631576
David Odonkor,125,0,0.0,0.0,1,True,deGermany,0.0
David Silva,565,0,0.0,0.0,3,True,esSpain,0.0
David Suazo,169,0,0.0,0.0,1,True,hnHonduras,0.0
David Trezeguet,723,1,1.0,2.0,3,True,frFrance,0.24896265560165975
David Villa,895,9,0.0,9.0,3,True,esSpain,0.9050279329608938
Davor Vugrinec,95,0,0.0,0.0,1,True,hrCroatia,0.0
Davor Šuker,693,6,0.0,6.0,2,True,hrCroatia,0.7792207792207793
Dejan Savićević,244,0,0.0,0.0,2,True,rsYugoslavia,0.0
Demetrio Albertini,936,0,0.0,0.0,2,True,itItaly,0.0
Denis Law,90,0,0.0,0.0,1,True,sctScotland,0.0
Dennis Bergkamp,1044,6,3.0,9.0,2,True,nlNetherlands,0.7758620689655172
Dennis Rommedahl,628,2,0.0,2.0,2,True,dkDenmark,0.28662420382165604
Denís Milar,207,0,0.0,0.0,1,True,uyUruguay,0.0
Deon Burton,146,0,0.0,0.0,1,True,jmJamaica,0.0
Dick Nanninga,115,1,0.0,1.0,1,True,nlNetherlands,0.782608695652174
Didier Drogba,522,2,0.0,2.0,3,True,ciCôte d'Ivoire,0.3448275862068965
Didier Six,627,2,0.0,2.0,2,True,frFrance,0.28708133971291866
Diego Costa,441,3,0.0,3.0,2,True,esSpain,0.6122448979591837
Diego Forlán,809,6,0.0,6.0,3,True,uyUruguay,0.6674907292954265
Diego Maradona,1936,8,0.0,8.0,4,True,arArgentina,0.371900826446281
Diego Milito,91,0,0.0,0.0,1,True,arArgentina,0.0
Diego Tristán,111,0,0.0,0.0,1,True,esSpain,0.0
Dieter Hoeneß,92,0,0.0,0.0,1,True,deWest Germany,0.0
Dieter Müller,329,2,0.0,2.0,1,True,deWest Germany,0.547112462006079
Dimitar Marashliev,122,0,0.0,0.0,1,True,bgBulgaria,0.0
Dimitar Yakimov,409,0,0.0,0.0,2,True,bgBulgaria,0.0
Dimitris Salpingidis,346,1,0.0,1.0,2,True,grGreece,0.26011560693641617
Dimitris Saravakos,90,0,0.0,0.0,1,True,grGreece,0.0
Dinko Dermendzhiev,315,1,0.0,1.0,2,True,bgBulgaria,0.2857142857142857
Dirk Kuyt,1295,1,0.0,1.0,3,True,nlNetherlands,0.0694980694980695
Divock Origi,246,1,0.0,1.0,1,True,beBelgium,0.3658536585365854
Djamel Menad,123,0,0.0,0.0,1,True,dzAlgeria,0.0
Djamel Zidane,291,1,0.0,1.0,2,True,dzAlgeria,0.30927835051546393
Djibril Cissé,111,0,0.0,0.0,2,True,frFrance,0.0
Dmitri Radchenko,193,1,0.0,1.0,1,True,ruRussia,0.46632124352331605
Dmitri Sychev,138,1,0.0,1.0,1,True,ruRussia,0.6521739130434783
Domingo Pérez,360,0,0.0,0.0,1,True,uyUruguay,0.0
Dominique Rocheteau,799,4,0.0,4.0,3,True,frFrance,0.45056320400500627
Dragan Džajić,443,1,0.0,1.0,1,True,yuYugoslavia,0.20316027088036115
Dries Mertens,643,2,1.0,3.0,3,True,beBelgium,0.4199066874027994
Dušan Bajević,249,3,0.0,3.0,1,True,yuYugoslavia,1.0843373493975905
Dušan Tadić,518,0,3.0,3.0,2,True,rsSerbia,0.5212355212355212
Dwight Yorke,270,0,0.0,0.0,1,True,ttTrin & Tobago,0.0
Earnie Stewart,766,1,0.0,1.0,3,True,usUnited States,0.1174934725848564
Ebbe Sand,509,1,0.0,1.0,2,True,dkDenmark,0.1768172888015717
Eberhard Vogel,187,0,0.0,0.0,1,True,Germany DR,0.0
Eden Hazard,1008,3,4.0,7.0,3,True,beBelgium,0.625
Edin Džeko,263,1,0.0,1.0,1,True,baBosnia & Herz.,0.34220532319391633
Edinson Cavani,1346,5,1.0,6.0,4,True,uyUruguay,0.40118870728083206
Eduard Malofeyev,450,3,0.0,3.0,1,True,suSoviet Union,0.6000000000000001
Eduard Markarov,90,0,0.0,0.0,1,True,suSoviet Union,0.0
Eduardo Vargas,307,1,1.0,2.0,1,True,clChile,0.5863192182410424
Edílson,170,0,0.0,0.0,1,True,brBrazil,0.0
El Hadji Diouf,510,0,0.0,0.0,1,True,snSenegal,0.0
Eljero Elia,140,0,0.0,0.0,1,True,nlNetherlands,0.0
Eloy Olaya,148,1,0.0,1.0,1,True,esSpain,0.6081081081081081
Emerich Dembrovschi,270,1,0.0,1.0,1,True,roRomania,0.33333333333333337
Emil Kostadinov,814,1,0.0,1.0,2,True,bgBulgaria,0.11056511056511056
Emile Heskey,545,1,0.0,1.0,2,True,engEngland,0.1651376146788991
Emilio Butragueño,759,5,0.0,5.0,2,True,esSpain,0.5928853754940712
Emmanuel Adebayor,254,0,0.0,0.0,1,True,tgTogo,0.0
Emmanuel Amunike,326,2,0.0,2.0,1,True,ngNigeria,0.5521472392638037
Emmanuel Emenike,360,0,2.0,2.0,1,True,ngNigeria,0.5
Emmanuel Maboang,246,0,0.0,0.0,2,True,cmCameroon,0.0
Emmanuel Olisadebe,265,1,0.0,1.0,1,True,plPoland,0.33962264150943394
Emmanuel Sanon,270,2,0.0,2.0,1,True,htHaiti,0.6666666666666667
Enner Valencia,525,6,0.0,6.0,2,True,ecEcuador,1.0285714285714285
Enrique Borja,338,1,0.0,1.0,2,True,mxMexico,0.2662721893491124
Enrique Saura,229,1,0.0,1.0,1,True,esSpain,0.3930131004366812
Enzo Francescoli,713,1,0.0,1.0,2,True,uyUruguay,0.12622720897615708
Eren Derdiyok,191,0,0.0,0.0,1,True,chSwitzerland,0.0
Eric Maxim Choupo-Moting,642,1,0.0,1.0,3,True,cmCameroon,0.14018691588785046
Eric Wynalda,431,1,0.0,1.0,3,True,usUnited States,0.2088167053364269
Erik Jendrišek,249,0,0.0,0.0,1,True,skSlovakia,0.0
Ermindo Onega,360,1,0.0,1.0,1,True,arArgentina,0.25
Ernesto Aparicio,156,0,0.0,0.0,1,True,svEl Salvador,0.0
Ernesto Cisneros,90,0,0.0,0.0,1,True,mxMexico,0.0
Erwin Vandenbergh,515,2,0.0,2.0,2,True,beBelgium,0.34951456310679613
Eusébio,540,9,0.0,9.0,1,True,ptPortugal,1.5
Euzebiusz Smolarek,264,0,0.0,0.0,1,True,plPoland,0.0
Ever Hernández,90,0,0.0,0.0,1,True,svEl Salvador,0.0
Everaldo,419,0,0.0,0.0,1,True,brBrazil,0.0
Ezequiel Lavezzi,354,0,1.0,1.0,1,True,arArgentina,0.2542372881355932
Ezio Pascutti,90,0,0.0,0.0,1,True,itItaly,0.0
Facundo Pellistri,181,0,0.0,0.0,1,True,uyUruguay,0.0
Fahad Al Muwallad,182,0,0.0,0.0,1,True,saSaudi Arabia,0.0
Fahad Al-Bishi,332,0,0.0,0.0,1,True,saSaudi Arabia,0.0
Fahad Khamees,101,0,0.0,0.0,1,True,aeUAE,0.0
Faisal Al-Dakhil,270,1,0.0,1.0,1,True,kwKuwait,0.33333333333333337
Fakhreddine Ben Youssef,270,1,0.0,1.0,1,True,tnTunisia,0.33333333333333337
Famara Diedhiou,92,1,0.0,1.0,1,True,snSenegal,0.9782608695652174
Fathi Kameel,169,0,0.0,0.0,1,True,kwKuwait,0.0
Faustino Asprilla,308,0,0.0,0.0,2,True,coColombia,0.0
Felipe Caicedo,151,0,0.0,0.0,1,True,ecEcuador,0.0
Ferenc Bene,360,4,0.0,4.0,1,True,huHungary,1.0
Fernando Gomes,207,0,0.0,0.0,1,True,ptPortugal,0.0
Fernando Morena,270,0,0.0,0.0,1,True,uyUruguay,0.0
Fernando Morientes,465,5,0.0,5.0,2,True,esSpain,0.967741935483871
Fernando Torres,726,4,0.0,4.0,3,True,esSpain,0.49586776859504134
Ferrán Torres,217,2,0.0,2.0,1,True,esSpain,0.8294930875576036
Filippo Inzaghi,148,1,1.0,2.0,3,True,itItaly,1.2162162162162162
Finidi George,654,1,1.0,2.0,2,True,ngNigeria,0.27522935779816515
Firas Al-Buraikan,268,0,1.0,1.0,1,True,saSaudi Arabia,0.33582089552238803
Florea Dumitrache,251,2,0.0,2.0,1,True,roRomania,0.7171314741035857
Florent Malouda,652,1,0.0,1.0,2,True,frFrance,0.13803680981595093
Florin Răducioiu,596,4,0.0,4.0,2,True,roRomania,0.6040268456375839
Flórián Albert,360,0,0.0,0.0,1,True,huHungary,0.0
Francesco Graziani,566,1,0.0,1.0,2,True,itItaly,0.15901060070671377
Francesco Totti,807,1,0.0,1.0,2,True,itItaly,0.11152416356877323
Francis Lee,256,0,0.0,0.0,1,True,engEngland,0.0
Francisco Fonseca,266,1,0.0,1.0,1,True,mxMexico,0.3383458646616541
Francisco Gento,180,0,0.0,0.0,1,True,esSpain,0.0
Francisco Palencia,120,0,0.0,0.0,2,True,mxMexico,0.0
Franck Ribéry,782,1,0.0,1.0,2,True,frFrance,0.11508951406649617
František Veselý,186,0,0.0,0.0,1,True,csCzechoslovakia,0.0
François Omam-Biyik,1018,2,1.0,3.0,3,True,cmCameroon,0.26522593320235754
François Van der Elst,90,0,0.0,0.0,1,True,beBelgium,0.0
Fred,616,2,0.0,2.0,3,True,brBrazil,0.29220779220779225
Freddie Ljungberg,540,1,0.0,1.0,2,True,seSweden,0.16666666666666669
Fritz Künzli,180,0,0.0,0.0,1,True,chSwitzerland,0.0
Fyodor Smolov,222,0,0.0,0.0,1,True,ruRussia,0.0
Gabi Balint,230,2,0.0,2.0,1,True,roRomania,0.782608695652174
Gabriel Batistuta,983,10,0.0,10.0,3,True,arArgentina,0.9155645981688708
Gabriel Caballero,109,0,0.0,0.0,1,True,mxMexico,0.0
Gabriel Calderón,488,0,0.0,0.0,2,True,arArgentina,0.0
Gabriel Jesus,497,0,1.0,1.0,2,True,brBrazil,0.18108651911468815
Gabriel Martinelli,113,0,0.0,0.0,1,True,brBrazil,0.0
Galimzyan Khusainov,360,0,0.0,0.0,1,True,suSoviet Union,0.0
Gamal Abdel-Hameed,160,0,0.0,0.0,1,True,egEgypt,0.0
Gareth Bale,225,1,0.0,1.0,1,True,wlsWales,0.4
Garrincha,180,1,0.0,1.0,1,True,brBrazil,0.5
Gary Lineker,1157,10,0.0,10.0,2,True,engEngland,0.7778738115816768
Gaston Taument,132,1,0.0,1.0,1,True,nlNetherlands,0.6818181818181819
Gennady Yevryuzhikhin,345,0,0.0,0.0,1,True,suSoviet Union,0.0
Geoff Hurst,600,5,0.0,5.0,2,True,engEngland,0.75
Georges Bregy,360,1,0.0,1.0,1,True,chSwitzerland,0.25
Georgi Asparuhov,468,1,0.0,1.0,2,True,bgBulgaria,0.19230769230769232
Georgi Bachev,97,0,0.0,0.0,1,True,bgBulgaria,0.0
Georgi Popov,148,0,0.0,0.0,1,True,bgBulgaria,0.0
Georginio Wijnaldum,552,1,0.0,1.0,1,True,nlNetherlands,0.16304347826086957
Georgios Samaras,592,1,1.0,2.0,2,True,grGreece,0.30405405405405406
Gerd Kische,540,0,0.0,0.0,1,True,Germany DR,0.0
Gerd Müller,1230,14,0.0,14.0,2,True,deWest Germany,1.024390243902439
Gerhard Rodax,173,1,0.0,1.0,1,True,atAustria,0.5202312138728323
Gernot Jurtin,102,0,0.0,0.0,1,True,atAustria,0.0
Gerry Armstrong,470,3,0.0,3.0,2,True,nirNorthern Ireland,0.5744680851063829
Gert Verheyen,331,0,0.0,0.0,2,True,beBelgium,0.0
Gervinho,443,2,1.0,3.0,2,True,ciCôte d'Ivoire,0.6094808126410836
Gerónimo Barbadillo,139,0,0.0,0.0,1,True,pePeru,0.0
Ghafour Jahani,220,0,0.0,0.0,1,True,irIR Iran,0.0
Gheorghe Popescu,1199,0,0.0,0.0,3,True,roRomania,0.0
Gheorghe Tătaru,113,0,0.0,0.0,1,True,roRomania,0.0
Gianluca Vialli,337,0,0.0,0.0,2,True,itItaly,0.0
Gianni Rivera,507,3,0.0,3.0,3,True,itItaly,0.5325443786982248
Gigi Riva,750,3,0.0,3.0,2,True,itItaly,0.36
Gilberto Alves,470,0,0.0,0.0,1,True,brBrazil,0.0
Gilberto Yearwood,268,0,0.0,0.0,1,True,hnHonduras,0.0
Giorgio Chinaglia,114,0,0.0,0.0,1,True,itItaly,0.0
Giovani dos Santos,668,1,0.0,1.0,3,True,mxMexico,0.1347305389221557
Giuseppe Galderisi,324,0,0.0,0.0,1,True,itItaly,0.0
Giuseppe Signori,390,0,0.0,0.0,1,True,itItaly,0.0
Gonzalo Higuaín,1041,5,1.0,6.0,3,True,arArgentina,0.5187319884726225
Gonzalo Pineda,290,0,0.0,0.0,1,True,mxMexico,0.0
Gonzalo Plata,269,0,0.0,0.0,1,True,ecEcuador,0.0
Gonçalo Guedes,243,0,1.0,1.0,1,True,ptPortugal,0.3703703703703704
Goran Vlaović,365,1,0.0,1.0,1,True,hrCroatia,0.24657534246575344
Gordon Durie,336,0,0.0,0.0,2,True,sctScotland,0.0
Graeme Sharp,90,0,0.0,0.0,1,True,sctScotland,0.0
Graham Zusi,257,0,2.0,2.0,1,True,usUnited States,0.7003891050583657
Grzegorz Lato,1800,10,0.0,10.0,3,True,plPoland,0.5
Guillermo Franco,382,0,0.0,0.0,2,True,mxMexico,0.0
Guillermo La Rosa,494,1,0.0,1.0,2,True,pePeru,0.18218623481781376
Guillermo Yávar,154,0,0.0,0.0,2,True,clChile,0.0
Gustavo Dezotti,151,0,0.0,0.0,1,True,arArgentina,0.0
Gustavo Moscoso,248,1,0.0,1.0,1,True,clChile,0.3629032258064516
Guy Saint-Vil,96,0,0.0,0.0,1,True,htHaiti,0.0
Gylfi Sigurðsson,270,1,0.0,1.0,1,True,isIceland,0.33333333333333337
Gyula Rákosi,360,0,0.0,0.0,1,True,huHungary,0.0
Gábor Pölöskei,270,2,0.0,2.0,1,True,huHungary,0.6666666666666667
Gérard Hausser,270,1,0.0,1.0,1,True,frFrance,0.33333333333333337
Gérard Soler,510,1,0.0,1.0,1,True,frFrance,0.1764705882352941
Gøran Sørloth,90,0,0.0,0.0,1,True,noNorway,0.0
Haji Wright,137,1,0.0,1.0,1,True,usUnited States,0.656934306569343
Hakan Yakin,235,0,0.0,0.0,2,True,chSwitzerland,0.0
Hakan Şükür,590,1,0.0,1.0,1,True,trTürkiye,0.15254237288135591
Hakim Ziyech,899,1,1.0,2.0,2,True,maMorocco,0.20022246941045607
Hamzah Idris,226,0,0.0,0.0,1,True,saSaudi Arabia,0.0
Hannes Löhr,351,0,0.0,0.0,1,True,deWest Germany,0.0
Hannes Reinmayr,90,0,0.0,0.0,1,True,atAustria,0.0
Hans Gillhaus,193,0,0.0,0.0,1,True,nlNetherlands,0.0
Hans Krankl,900,5,0.0,5.0,2,True,atAustria,0.5
Hans-Jürgen Kreische,136,0,0.0,0.0,1,True,Germany DR,0.0
Hao Haidong,236,0,0.0,0.0,1,True,cnChina PR,0.0
Haris Seferović,354,1,0.0,1.0,3,True,chSwitzerland,0.2542372881355932
Harry Kane,974,8,3.0,11.0,2,True,engEngland,1.0164271047227926
Harry Kewell,238,1,0.0,1.0,2,True,auAustralia,0.37815126050420167
Hassan Nader,90,1,0.0,1.0,1,True,maMorocco,1.0
Hassan Rowshan,113,1,0.0,1.0,1,True,irIR Iran,0.7964601769911505
Hassen Gabsi,132,0,0.0,0.0,1,True,tnTunisia,0.0
Hattan Bahebri,159,0,1.0,1.0,2,True,saSaudi Arabia,0.5660377358490566
Heimo Pfeifenberger,250,0,0.0,0.0,1,True,atAustria,0.0
Helmut Haller,524,6,0.0,6.0,2,True,deWest Germany,1.0305343511450382
Henri Camara,351,2,0.0,2.0,1,True,snSenegal,0.5128205128205129
Henrik Larsson,939,5,0.0,5.0,3,True,seSweden,0.4792332268370607
Henry Martín,146,1,0.0,1.0,1,True,mxMexico,0.6164383561643836
Herbert Zimmermann,142,0,0.0,0.0,1,True,deWest Germany,0.0
Hernán Crespo,432,4,0.0,4.0,3,True,arArgentina,0.8333333333333333
Hernán Medford,140,1,0.0,1.0,2,True,crCosta Rica,0.6428571428571428
Hillel Soudani,165,0,0.0,0.0,1,True,dzAlgeria,0.0
Hirving Lozano,567,1,1.0,2.0,2,True,mxMexico,0.31746031746031744
Hong Yong-jo,270,0,0.0,0.0,1,True,kpKorea DPR,0.0
Honorino Landa,180,0,0.0,0.0,1,True,clChile,0.0
Horacio López Salgado,120,0,0.0,0.0,1,True,mxMexico,0.0
Horst Hrubesch,325,1,0.0,1.0,1,True,deWest Germany,0.27692307692307694
Hossam Hassan,270,0,0.0,0.0,1,True,egEgypt,0.0
Hossein Faraki,182,0,0.0,0.0,1,True,irIR Iran,0.0
Houmane Jarir,180,1,0.0,1.0,1,True,maMorocco,0.5
Hristo Bonev,473,2,0.0,2.0,2,True,bgBulgaria,0.3805496828752643
Hristo Stoichkov,865,6,0.0,6.0,2,True,bgBulgaria,0.6242774566473989
Hugo Almeida,160,1,0.0,1.0,2,True,ptPortugal,0.5625
Hugo Sotil,363,0,0.0,0.0,2,True,pePeru,0.0
Hugo Sánchez,750,1,0.0,1.0,3,True,mxMexico,0.12
Hulk,394,0,0.0,0.0,1,True,brBrazil,0.0
Humberto Suazo,135,0,0.0,0.0,1,True,clChile,0.0
Hussain Ghuloum,270,0,0.0,0.0,1,True,aeUAE,0.0
Hussein Saeed,90,0,0.0,0.0,1,True,iqIraq,0.0
Hwang Hee-chan,318,1,0.0,1.0,2,True,krKorea Republic,0.2830188679245283
Hwang Sun-hong,654,2,0.0,2.0,3,True,krKorea Republic,0.27522935779816515
Hwang Ui-jo,106,0,0.0,0.0,1,True,krKorea Republic,0.0
Håvard Flo,269,1,0.0,1.0,1,True,noNorway,0.33457249070631967
Héctor De Bourgoing,90,1,0.0,1.0,1,True,frFrance,1.0
Héctor Salva,90,0,0.0,0.0,1,True,uyUruguay,0.0
Héctor Silva,143,0,0.0,0.0,1,True,uyUruguay,0.0
Héctor Yazalde,257,2,0.0,2.0,1,True,arArgentina,0.7003891050583657
Hélder Postiga,134,0,0.0,0.0,2,True,ptPortugal,0.0
Ian Stewart,151,0,0.0,0.0,1,True,nirNorthern Ireland,0.0
Igor Belanov,312,4,0.0,4.0,1,True,suSoviet Union,1.1538461538461537
Igor Chislenko,313,2,0.0,2.0,1,True,suSoviet Union,0.5750798722044728
Igor Dobrovolski,250,1,0.0,1.0,1,True,suSoviet Union,0.36
Igor Vrablic,180,0,0.0,0.0,1,True,caCanada,0.0
Ilie Dumitrescu,539,2,0.0,2.0,3,True,roRomania,0.3339517625231911
Iliman Ndiaye,135,0,1.0,1.0,1,True,snSenegal,0.6666666666666667
Inge Ejderstedt,184,0,0.0,0.0,2,True,seSweden,0.0
Ion Andoni Goikoetxea,393,2,0.0,2.0,1,True,esSpain,0.45801526717557256
Ion Dumitru,260,0,0.0,0.0,1,True,roRomania,0.0
Ireneusz Jeleń,203,0,0.0,0.0,1,True,plPoland,0.0
Isidoro Díaz,301,0,0.0,0.0,2,True,mxMexico,0.0
Islam Slimani,324,2,1.0,3.0,1,True,dzAlgeria,0.8333333333333333
Ismaila Sarr,614,1,0.0,1.0,2,True,snSenegal,0.1465798045602606
Issam Jebali,182,0,0.0,0.0,1,True,tnTunisia,0.0
Ivan Klasnić,153,0,0.0,0.0,1,True,hrCroatia,0.0
Ivan Kolev,180,0,0.0,0.0,1,True,bgBulgaria,0.0
Ivan Perišić,1555,6,5.0,11.0,3,True,hrCroatia,0.6366559485530547
Ivaylo Petkov,180,0,0.0,0.0,1,True,bgBulgaria,0.0
Ivaylo Yordanov,390,0,0.0,0.0,2,True,bgBulgaria,0.0
Ivica Olić,479,2,0.0,2.0,3,True,hrCroatia,0.3757828810020876
Ivica Vastić,117,1,0.0,1.0,1,True,atAustria,0.7692307692307693
Ivica Šurjak,810,2,0.0,2.0,2,True,yuYugoslavia,0.2222222222222222
Ivo Knoflíček,426,0,0.0,0.0,1,True,csCzechoslovakia,0.0
Iván Kaviedes,247,1,0.0,1.0,2,True,ecEcuador,0.3643724696356275
Iván Zamorano,360,0,0.0,0.0,1,True,clChile,0.0
Iñaki Williams,270,0,0.0,0.0,1,True,ghGhana,0.0
Jacek Krzynówek,513,0,0.0,0.0,2,True,plPoland,0.0
Jackson Irvine,401,0,0.0,0.0,2,True,auAustralia,0.0
Jackson Martínez,195,2,0.0,2.0,1,True,coColombia,0.9230769230769231
Jacques N'Guea,117,0,0.0,0.0,1,True,cmCameroon,0.0
Jaime Portillo,90,0,0.0,0.0,1,True,svEl Salvador,0.0
Jairzinho,1429,9,0.0,9.0,3,True,brBrazil,0.5668299510146956
James Obiorah,90,0,0.0,0.0,1,True,ngNigeria,0.0
James Rodríguez,551,6,4.0,10.0,2,True,coColombia,1.633393829401089
Jamie Vardy,160,0,0.0,0.0,1,True,engEngland,0.0
Jan Ceulemans,1504,4,0.0,4.0,3,True,beBelgium,0.23936170212765956
Jan Domarski,122,0,0.0,0.0,1,True,plPoland,0.0
Jan Karaś,193,0,0.0,0.0,1,True,plPoland,0.0
Jan Urban,297,0,0.0,0.0,1,True,plPoland,0.0
Jan Åge Fjørtoft,180,0,0.0,0.0,1,True,noNorway,0.0
Jared Borgetti,483,2,0.0,2.0,2,True,mxMexico,0.3726708074534162
Jasem Yaqoub,180,0,0.0,0.0,1,True,kwKuwait,0.0
Javier Fragoso,450,1,0.0,1.0,2,True,mxMexico,0.2
Javier Hernández,580,4,1.0,5.0,3,True,mxMexico,0.7758620689655172
Javier Saviola,215,1,0.0,1.0,1,True,arArgentina,0.41860465116279066
Javier Valdivia,315,2,0.0,2.0,1,True,mxMexico,0.5714285714285714
Jean Beausejour,428,2,0.0,2.0,2,True,clChile,0.4205607476635514
Jean Kalala N'Tumba,90,0,0.0,0.0,1,True,cdZaire,0.0
Jean-Claude Schindelholz,90,0,0.0,0.0,1,True,chSwitzerland,0.0
Jean-Marc Ferreri,183,1,0.0,1.0,1,True,frFrance,0.4918032786885246
Jean-Pierre Papin,345,2,0.0,2.0,1,True,frFrance,0.5217391304347826
Jean-Pierre Tokoto,137,0,0.0,0.0,1,True,cmCameroon,0.0
Jeff Astle,92,0,0.0,0.0,1,True,engEngland,0.0
Jefferson Farfán,129,0,0.0,0.0,1,True,pePeru,0.0
Jefferson Montero,226,0,0.0,0.0,1,True,ecEcuador,0.0
Jeremain Lens,129,0,0.0,0.0,1,True,nlNetherlands,0.0
Jermain Defoe,172,1,0.0,1.0,1,True,engEngland,0.5232558139534884
Jerry Bengtson,225,0,0.0,0.0,1,True,hnHonduras,0.0
Jerry Palacios,135,0,0.0,0.0,2,True,hnHonduras,0.0
Jesper Grønkjær,354,0,0.0,0.0,2,True,dkDenmark,0.0
Jesper Lindstrøm,200,0,0.0,0.0,1,True,dkDenmark,0.0
Jesper Olsen,229,3,0.0,3.0,1,True,dkDenmark,1.1790393013100435
Jesús María Satrústegui,287,0,0.0,0.0,1,True,esSpain,0.0
Jimmy Greaves,270,0,0.0,0.0,1,True,engEngland,0.0
Joachim Streich,349,2,0.0,2.0,1,True,Germany DR,0.5157593123209169
Joakim Nilsson,270,0,0.0,0.0,1,True,seSweden,0.0
Joaquín,416,0,0.0,0.0,3,True,esSpain,0.0
Joaquín Peiró,180,0,0.0,0.0,1,True,esSpain,0.0
Joe Jordan,610,4,0.0,4.0,3,True,sctScotland,0.5901639344262295
Joe-Max Moore,196,0,0.0,0.0,2,True,usUnited States,0.0
Joel Campbell,796,1,2.0,3.0,3,True,crCosta Rica,0.33919597989949746
Johan Cruyff,630,3,0.0,3.0,1,True,nlNetherlands,0.4285714285714286
Johan Devrindt,116,0,0.0,0.0,1,True,beBelgium,0.0
Johan Venegas,222,0,0.0,0.0,2,True,crCosta Rica,0.0
John Aldridge,373,1,0.0,1.0,2,True,ieRep. of Ireland,0.24128686327077747
John Barnes,405,0,0.0,0.0,2,True,engEngland,0.0
John Connelly,90,0,0.0,0.0,1,True,engEngland,0.0
John Moshoeu,270,0,0.0,0.0,1,True,zaSouth Africa,0.0
John Utaka,90,0,0.0,0.0,1,True,ngNigeria,0.0
John van 't Schip,163,0,0.0,0.0,1,True,nlNetherlands,0.0
Johnny Ekström,119,1,0.0,1.0,1,True,seSweden,0.7563025210084033
Johnny Rep,1157,7,0.0,7.0,2,True,nlNetherlands,0.5445116681071738
Jon Dahl Tomasson,535,5,0.0,5.0,2,True,dkDenmark,0.8411214953271028
Jonas Eduardo Américo,107,0,0.0,0.0,2,True,brBrazil,0.0
Jonathan David,192,0,0.0,0.0,1,True,caCanada,0.0
Jong Tae-se,270,0,0.0,0.0,1,True,kpKorea DPR,0.0
Jordan Ayew,253,0,1.0,1.0,2,True,ghGhana,0.3557312252964427
Jorge Burruchaga,1228,3,0.0,3.0,2,True,arArgentina,0.21986970684039087
Jorge Campos,750,0,0.0,0.0,2,True,mxMexico,0.0
Jorge Mendonça,421,0,0.0,0.0,1,True,brBrazil,0.0
Jorge Orosmán da Silva,225,0,0.0,0.0,1,True,uyUruguay,0.0
Jorge Rodríguez,300,0,0.0,0.0,1,True,mxMexico,0.0
Jorge Valdano,681,4,0.0,4.0,2,True,arArgentina,0.5286343612334802
Joseba Etxeberria,172,0,1.0,1.0,1,True,esSpain,0.5232558139534884
Joseph N'Do,261,0,0.0,0.0,1,True,cmCameroon,0.0
Joseph-Désiré Job,153,0,0.0,0.0,2,True,cmCameroon,0.0
Josh Sargent,157,0,0.0,0.0,1,True,usUnited States,0.0
Joshua Kennedy,159,0,0.0,0.0,2,True,auAustralia,0.0
Josip Drmić,362,1,2.0,3.0,2,True,chSwitzerland,0.7458563535911602
Josip Weber,308,0,0.0,0.0,1,True,beBelgium,0.0
Jostein Flo,282,0,0.0,0.0,2,True,noNorway,0.0
José Augusto Torres,540,3,0.0,3.0,1,True,ptPortugal,0.5
José Cardozo,461,1,0.0,1.0,2,True,pyParaguay,0.19522776572668113
José Daniel Valencia,305,0,0.0,0.0,2,True,arArgentina,0.0
José Luis Caminero,315,3,0.0,3.0,1,True,esSpain,0.8571428571428572
José Luis González Dávila,247,1,0.0,1.0,1,True,mxMexico,0.3643724696356275
José Luis Rodríguez,242,0,0.0,0.0,1,True,paPanama,0.0
José María Rivas,270,0,0.0,0.0,1,True,svEl Salvador,0.0
José Reinaldo de Lima,225,1,0.0,1.0,1,True,brBrazil,0.4
José Roberto Figueroa,270,0,0.0,0.0,1,True,hnHonduras,0.0
José Sasía,180,0,0.0,0.0,1,True,uyUruguay,0.0
José Ufarte,90,0,0.0,0.0,1,True,esSpain,0.0
Jozef Adamec,225,0,0.0,0.0,1,True,csCzechoslovakia,0.0
Jozy Altidore,377,0,0.0,0.0,2,True,usUnited States,0.0
João Félix,331,1,2.0,3.0,1,True,ptPortugal,0.8157099697885197
João Pinto,175,0,0.0,0.0,1,True,ptPortugal,0.0
Juan Carlos Oblitas,724,0,0.0,0.0,2,True,pePeru,0.0
Juan Cayasso,347,1,0.0,1.0,1,True,crCosta Rica,0.25936599423631124
Juan Cuadrado,714,2,5.0,7.0,2,True,coColombia,0.8823529411764706
Juan José Muñante,495,0,0.0,0.0,1,True,pePeru,0.0
Juan Quintero,401,2,2.0,4.0,2,True,coColombia,0.8977556109725685
Juan Ramón Martínez,180,0,0.0,0.0,1,True,svEl Salvador,0.0
Juanito,540,2,0.0,2.0,3,True,esSpain,0.33333333333333337
Julen Guerrero,157,0,0.0,0.0,2,True,esSpain,0.0
Julian Draxler,150,0,0.0,0.0,2,True,deGermany,0.0
Julio Baylón,103,0,0.0,0.0,1,True,pePeru,0.0
Julio César Cortés,919,1,0.0,1.0,2,True,uyUruguay,0.09793253536452666
Julio César Yegros,134,0,0.0,0.0,1,True,pyParaguay,0.0
Julio Losada,180,0,0.0,0.0,1,True,uyUruguay,0.0
Julio Morales,275,0,0.0,0.0,1,True,uyUruguay,0.0
Julio Salinas,934,3,0.0,3.0,3,True,esSpain,0.2890792291220557
Julius Aghahowa,270,1,0.0,1.0,1,True,ngNigeria,0.33333333333333337
Julián Álvarez,464,4,0.0,4.0,1,True,arArgentina,0.7758620689655172
Jupp Heynckes,135,0,0.0,0.0,1,True,deWest Germany,0.0
János Farkas,360,1,0.0,1.0,1,True,huHungary,0.25
József Kiprich,180,0,0.0,0.0,1,True,huHungary,0.0
József Tóth,450,1,0.0,1.0,2,True,huHungary,0.2
Jô,168,0,0.0,0.0,1,True,brBrazil,0.0
Jürgen Grabowski,758,1,0.0,1.0,2,True,deWest Germany,0.11873350923482849
Jürgen Klinsmann,1521,11,1.0,12.0,3,True,deGermany,0.7100591715976332
Kakoko Etepé,135,0,0.0,0.0,1,True,cdZaire,0.0
Kaká,763,1,0.0,1.0,3,True,brBrazil,0.11795543905635648
Kalu Uche,196,2,0.0,2.0,1,True,ngNigeria,0.9183673469387754
Kamil Grosicki,218,0,1.0,1.0,2,True,plPoland,0.41284403669724773
Kang Ryong-woon,90,0,0.0,0.0,1,True,kpKorea DPR,0.0
Kanga Akalé,138,0,0.0,0.0,1,True,ciCôte d'Ivoire,0.0
Kaoru Mitoma,165,0,1.0,1.0,1,True,jpJapan,0.5454545454545454
Karim Ansarifard,237,1,0.0,1.0,3,True,irIR Iran,0.37974683544303794
Karim Benzema,450,3,2.0,5.0,1,True,frFrance,1.0
Karim Maroc,180,0,0.0,0.0,1,True,dzAlgeria,0.0
Karim Matmour,254,0,0.0,0.0,1,True,dzAlgeria,0.0
Karim Saddam,170,0,0.0,0.0,1,True,iqIraq,0.0
Karl Odermatt,90,0,0.0,0.0,1,True,chSwitzerland,0.0
Karl Toko Ekambi,166,0,0.0,0.0,1,True,cmCameroon,0.0
Karl-Heinz Riedle,355,1,0.0,1.0,2,True,deGermany,0.2535211267605634
Karl-Heinz Rummenigge,1272,9,0.0,9.0,3,True,deWest Germany,0.6367924528301887
Karol Jokl,177,0,0.0,0.0,1,True,csCzechoslovakia,0.0
Kasper Dolberg,130,0,0.0,0.0,2,True,dkDenmark,0.0
Katlego Mphela,270,1,0.0,1.0,1,True,zaSouth Africa,0.33333333333333337
Keiji Tamada,149,1,0.0,1.0,2,True,jpJapan,0.6040268456375839
Keisuke Honda,710,4,2.0,6.0,3,True,jpJapan,0.76056338028169
Kelechi Iheanacho,148,0,0.0,0.0,1,True,ngNigeria,0.0
Kennet Andersson,578,5,0.0,5.0,1,True,seSweden,0.7785467128027682
Kenny Burns,180,0,0.0,0.0,1,True,sctScotland,0.0
Kenny Dalglish,597,2,0.0,2.0,3,True,sctScotland,0.30150753768844224
Kenwyne Jones,129,0,0.0,0.0,1,True,ttTrin & Tobago,0.0
Kevin De Bruyne,1200,2,4.0,6.0,3,True,beBelgium,0.45
Kevin Gallacher,270,0,0.0,0.0,1,True,sctScotland,0.0
Kevin Mirallas,222,0,0.0,0.0,1,True,beBelgium,0.0
Kevin-Prince Boateng,545,1,0.0,1.0,2,True,ghGhana,0.1651376146788991
Khalid Boutaïb,139,1,0.0,1.0,1,True,maMorocco,0.6474820143884893
Khalid Ismaïl,171,1,0.0,1.0,1,True,aeUAE,0.5263157894736842
Khodadad Azizi,253,0,0.0,0.0,1,True,irIR Iran,0.0
Kieffer Moore,225,0,0.0,0.0,1,True,wlsWales,0.0
Kiko,142,1,0.0,1.0,1,True,esSpain,0.6338028169014085
Kily González,136,0,0.0,0.0,1,True,arArgentina,0.0
Kim Bong-hwan,90,0,0.0,0.0,1,True,kpKorea DPR,0.0
Kim Do-hoon,158,0,0.0,0.0,1,True,krKorea Republic,0.0
Kim Jung-woo,360,0,0.0,0.0,1,True,krKorea Republic,0.0
Kim Seung-il,180,0,0.0,0.0,1,True,kpKorea DPR,0.0
Kim Shin-wook,165,0,0.0,0.0,2,True,krKorea Republic,0.0
Kingsley Coman,169,0,0.0,0.0,1,True,frFrance,0.0
Klaus Allofs,615,2,0.0,2.0,1,True,deWest Germany,0.2926829268292683
Klaus Fischer,738,2,0.0,2.0,2,True,deWest Germany,0.24390243902439024
Ko Jeong-woon,270,0,0.0,0.0,1,True,krKorea Republic,0.0
Koo Ja-cheol,396,1,0.0,1.0,2,True,krKorea Republic,0.2272727272727273
Kostadin Kostadinov,161,0,0.0,0.0,1,True,bgBulgaria,0.0
Kostas Mitroglou,124,0,0.0,0.0,1,True,grGreece,0.0
Krépin Diatta,181,0,0.0,0.0,1,True,snSenegal,0.0
Kurt Welzl,135,0,0.0,0.0,1,True,atAustria,0.0
Kylian Mbappé,1130,12,2.0,14.0,2,True,frFrance,1.1150442477876106
Ladislav Petráš,270,2,0.0,2.0,1,True,csCzechoslovakia,0.6666666666666667
Ladislav Vízek,266,0,0.0,0.0,1,True,csCzechoslovakia,0.0
Landon Donovan,1094,5,0.0,5.0,3,True,usUnited States,0.4113345521023766
Lautaro Martínez,241,0,0.0,0.0,1,True,arArgentina,0.0
Lazaros Christodoulopoulos,210,0,0.0,0.0,1,True,grGreece,0.0
Leandro Trossard,103,0,0.0,0.0,1,True,beBelgium,0.0
Lee Chun-soo,629,1,0.0,1.0,2,True,krKorea Republic,0.14308426073131955
Lee Chung-yong,602,2,0.0,2.0,2,True,krKorea Republic,0.29900332225913623
Lee Jae-sung,481,0,1.0,1.0,2,True,krKorea Republic,0.18711018711018712
Lee Sang-yoon,180,0,0.0,0.0,1,True,krKorea Republic,0.0
Leif Eriksson,145,0,0.0,0.0,1,True,seSweden,0.0
Leivinha,163,0,0.0,0.0,1,True,brBrazil,0.0
Leonardo Véliz,176,0,0.0,0.0,1,True,clChile,0.0
Leonel Sánchez,270,0,0.0,0.0,1,True,clChile,0.0
Leopoldo Luque,480,4,0.0,4.0,1,True,arArgentina,0.75
Li Dong-woon,180,1,0.0,1.0,1,True,kpKorea DPR,0.5
Li Tie,270,0,0.0,0.0,1,True,cnChina PR,0.0
Lionel Messi,2314,13,6.0,19.0,5,True,arArgentina,0.7389801210025929
Liédson,123,1,0.0,1.0,1,True,ptPortugal,0.7317073170731708
Lothar Emmerich,390,1,0.0,1.0,1,True,deWest Germany,0.23076923076923078
Louis-Paul M'Fédé,561,0,0.0,0.0,2,True,cmCameroon,0.0
Luc Nilis,452,1,0.0,1.0,2,True,beBelgium,0.19911504424778761
Luca Toni,479,2,0.0,2.0,1,True,itItaly,0.3757828810020876
Lucas Barrios,308,0,0.0,0.0,1,True,pyParaguay,0.0
Luis Artime,360,3,0.0,3.0,1,True,arArgentina,0.75
Luis Cubilla,591,1,0.0,1.0,2,True,uyUruguay,0.15228426395939085
Luis Enrique,896,2,1.0,3.0,3,True,esSpain,0.3013392857142857
Luis Flores,244,1,0.0,1.0,1,True,mxMexico,0.36885245901639346
Luis García Postigo,318,2,0.0,2.0,1,True,mxMexico,0.5660377358490566
Luis Garrido,160,0,0.0,0.0,1,True,hnHonduras,0.0
Luis Hernández,460,3,0.0,3.0,2,True,mxMexico,0.5869565217391304
Luis Muriel,93,0,0.0,0.0,1,True,coColombia,0.0
Luis Ramírez Zapata,245,1,0.0,1.0,1,True,svEl Salvador,0.3673469387755102
Luis Roberto Alves,390,0,0.0,0.0,1,True,mxMexico,0.0
Luis Suárez,1492,7,2.0,9.0,5,True,uyUruguay,0.5428954423592492
Lukas Podolski,1217,5,0.0,5.0,3,True,deGermany,0.3697617091207889
Luke Wilkshire,418,0,0.0,0.0,2,True,auAustralia,0.0
Luís Fabiano,415,3,0.0,3.0,1,True,brBrazil,0.6506024096385542
Luís Figo,798,0,0.0,0.0,2,True,ptPortugal,0.0
Luís Oliveira,194,0,1.0,1.0,1,True,beBelgium,0.4639175257731959
Lyuboslav Penev,155,0,0.0,0.0,1,True,bgBulgaria,0.0
László Fazekas,270,2,0.0,2.0,2,True,huHungary,0.6666666666666667
László Kiss,164,3,0.0,3.0,1,True,huHungary,1.646341463414634
László Nagy,207,0,0.0,0.0,1,True,huHungary,0.0
László Pusztai,180,0,0.0,0.0,1,True,huHungary,0.0
M'Baye Niang,244,1,1.0,2.0,1,True,snSenegal,0.7377049180327869
Maciej Żurawski,407,0,0.0,0.0,2,True,plPoland,0.0
Maksim Kanunnikov,100,0,0.0,0.0,1,True,ruRussia,0.0
Maouhoub Ghazouani,235,1,0.0,1.0,1,True,maMorocco,0.3829787234042553
Marc Berdoll,107,1,0.0,1.0,1,True,frFrance,0.8411214953271028
Marc Degryse,535,2,0.0,2.0,2,True,beBelgium,0.33644859813084116
Marc Overmars,750,1,1.0,2.0,2,True,nlNetherlands,0.24
Marc Wilmots,682,5,0.0,5.0,3,True,beBelgium,0.6598240469208212
Marcelino Martínez,90,0,0.0,0.0,1,True,esSpain,0.0
Marcelo Salas,360,4,0.0,4.0,1,True,clChile,1.0
Marco Asensio,361,1,0.0,1.0,2,True,esSpain,0.24930747922437674
Marco Bode,325,1,0.0,1.0,1,True,deGermany,0.27692307692307694
Marco Streller,126,0,0.0,0.0,1,True,chSwitzerland,0.0
Marco Ureña,224,1,0.0,1.0,2,True,crCosta Rica,0.40178571428571425
Marco van Basten,360,0,0.0,0.0,1,True,nlNetherlands,0.0
Marcus Allbäck,418,1,0.0,1.0,2,True,seSweden,0.21531100478468898
Marcus Berg,425,0,0.0,0.0,1,True,seSweden,0.0
Marcus Rashford,342,3,0.0,3.0,2,True,engEngland,0.7894736842105263
Marcus Thuram,151,0,2.0,2.0,1,True,frFrance,1.1920529801324504
Marino Perani,180,0,0.0,0.0,1,True,itItaly,0.0
Mario Balotelli,207,1,0.0,1.0,1,True,itItaly,0.43478260869565216
Mario Gavranović,113,0,1.0,1.0,1,True,chSwitzerland,0.7964601769911505
Mario Gómez,150,0,1.0,1.0,2,True,deGermany,0.6000000000000001
Mario Götze,295,2,0.0,2.0,2,True,deGermany,0.6101694915254237
Mario Haas,110,0,0.0,0.0,1,True,atAustria,0.0
Mario Kempes,1443,6,0.0,6.0,3,True,arArgentina,0.37422037422037424
Mario Mandžukić,785,5,1.0,6.0,2,True,hrCroatia,0.6878980891719745
Mario Monge,113,0,0.0,0.0,1,True,svEl Salvador,0.0
Mario Pašalić,271,0,0.0,0.0,1,True,hrCroatia,0.0
Mario Pérez,360,0,0.0,0.0,1,True,mxMexico,0.0
Mario Stanić,663,1,2.0,3.0,2,True,hrCroatia,0.40723981900452494
Marius Lăcătuș,316,2,0.0,2.0,2,True,roRomania,0.569620253164557
Mark Fish,270,0,0.0,0.0,1,True,zaSouth Africa,0.0
Mark González,139,1,0.0,1.0,1,True,clChile,0.6474820143884893
Mark Hateley,176,0,0.0,0.0,1,True,engEngland,0.0
Mark Viduka,360,0,0.0,0.0,1,True,auAustralia,0.0
Marko Livaja,241,1,1.0,2.0,1,True,hrCroatia,0.7468879668049793
Marko Pantelić,114,1,0.0,1.0,1,True,rsSerbia,0.7894736842105263
Martin Braithwaite,354,0,0.0,0.0,2,True,dkDenmark,0.0
Martin Dahlin,442,4,0.0,4.0,1,True,seSweden,0.8144796380090499
Martin Hoffmann,486,1,0.0,1.0,1,True,Germany DR,0.1851851851851852
Marwan Mohsen,206,0,0.0,0.0,1,True,egEgypt,0.0
Masashi Nakayama,233,1,0.0,1.0,2,True,jpJapan,0.38626609442060084
Mateja Kežman,130,0,0.0,0.0,1,True,rsS & M,0.0
Mateus Galiano da Costa,179,0,0.0,0.0,1,True,aoAngola,0.0
Mathew Leckie,873,1,1.0,2.0,3,True,auAustralia,0.2061855670103093
Mathieu Valbuena,353,1,1.0,2.0,2,True,frFrance,0.509915014164306
Matthew Amoah,286,0,0.0,0.0,2,True,ghGhana,0.0
Mattias Jonson,221,0,0.0,0.0,2,True,seSweden,0.0
Maxi Rodríguez,905,2,0.0,2.0,3,True,arArgentina,0.1988950276243094
Maximiliano Meza,208,0,0.0,0.0,1,True,arArgentina,0.0
Mayanga Maku,198,0,0.0,0.0,1,True,cdZaire,0.0
Mbo Mpenza,221,0,0.0,0.0,2,True,beBelgium,0.0
Mehdi Ben Slimane,213,0,0.0,0.0,1,True,tnTunisia,0.0
Mehdi Taremi,473,2,1.0,3.0,2,True,irIR Iran,0.5708245243128964
Memphis,475,3,1.0,4.0,2,True,nlNetherlands,0.7578947368421053
Michael Arroyo,102,0,0.0,0.0,1,True,ecEcuador,0.0
Michael Estrada,225,0,0.0,0.0,1,True,ecEcuador,0.0
Michael Owen,718,4,0.0,4.0,3,True,engEngland,0.5013927576601671
Michy Batshuayi,265,2,0.0,2.0,2,True,beBelgium,0.6792452830188679
Miguel Ángel Benítez,366,1,0.0,1.0,1,True,pyParaguay,0.2459016393442623
Miguel Ángel Brindisi,258,1,0.0,1.0,1,True,arArgentina,0.3488372093023256
Miguel Ángel Díaz,103,0,0.0,0.0,1,True,svEl Salvador,0.0
Mikkel Damsgaard,150,0,0.0,0.0,1,True,dkDenmark,0.0
Milan Jovanović,243,1,0.0,1.0,1,True,rsSerbia,0.3703703703703704
Milan Osterc,182,0,0.0,0.0,1,True,siSlovenia,0.0
Milan Rapaić,213,1,0.0,1.0,1,True,hrCroatia,0.4225352112676056
Mile Sterjovski,240,0,0.0,0.0,1,True,auAustralia,0.0
Milivoje Novaković,270,0,0.0,0.0,1,True,siSlovenia,0.0
Milton Viera,270,0,0.0,0.0,1,True,uyUruguay,0.0
Mini Jakobsen,178,0,0.0,0.0,2,True,noNorway,0.0
Mirandinha,177,0,0.0,0.0,1,True,brBrazil,0.0
Mircea Lucescu,248,0,0.0,0.0,1,True,roRomania,0.0
Miroslav Klose,1776,16,0.0,16.0,4,True,deGermany,0.8108108108108109
Miroslav Stoch,195,0,0.0,0.0,1,True,skSlovakia,0.0
Mitchell Duke,270,1,0.0,1.0,1,True,auAustralia,0.33333333333333337
Mladen Rudonja,231,0,0.0,0.0,1,True,siSlovenia,0.0
Mo Johnston,270,1,0.0,1.0,1,True,sctScotland,0.33333333333333337
Mohamed Akid,261,0,0.0,0.0,1,True,tnTunisia,0.0
Mohamed Kader,270,1,0.0,1.0,1,True,tgTogo,0.33333333333333337
Mohamed Salah,180,2,0.0,2.0,1,True,egEgypt,1.0
Mohamed Timoumi,357,0,0.0,0.0,1,True,maMorocco,0.0
Mohammed Al Sahlawi,96,0,0.0,0.0,1,True,saSaudi Arabia,0.0
Mohammed Chaouch,171,1,0.0,1.0,1,True,maMorocco,0.5263157894736842
Mohammed El Filali,270,0,0.0,0.0,1,True,maMorocco,0.0
Mohammed Kudus,247,2,0.0,2.0,1,True,ghGhana,0.728744939271255
Mohammed Noor,335,0,0.0,0.0,2,True,saSaudi Arabia,0.0
Mordechai Spiegler,270,1,0.0,1.0,1,True,ilIsrael,0.33333333333333337
Moussa N'Diaye,159,0,0.0,0.0,1,True,snSenegal,0.0
Moustapha Salifou,241,0,0.0,0.0,1,True,tgTogo,0.0
Mun In-guk,202,0,0.0,0.0,1,True,kpKorea DPR,0.0
Mustafa Merry,176,0,0.0,0.0,1,True,maMorocco,0.0
Mágico González,270,0,0.0,0.0,1,True,svEl Salvador,0.0
Mário Coluna,540,0,0.0,0.0,1,True,ptPortugal,0.0
Márton Esterházy,270,1,0.0,1.0,1,True,huHungary,0.33333333333333337
Müller,531,2,0.0,2.0,3,True,brBrazil,0.3389830508474576
Nacer Chadli,428,1,1.0,2.0,2,True,beBelgium,0.4205607476635514
Nani,270,1,0.0,1.0,1,True,ptPortugal,0.33333333333333337
Naohiro Takahara,180,0,0.0,0.0,1,True,jpJapan,0.0
Nasko Sirakov,822,2,0.0,2.0,2,True,bgBulgaria,0.21897810218978103
Nasrollah Abdollahi,270,0,0.0,0.0,1,True,irIR Iran,0.0
Naïm Sliti,294,0,0.0,0.0,2,True,tnTunisia,0.0
Ndaye Mulamba,112,0,0.0,0.0,1,True,cdZaire,0.0
Nelson Valdez,577,0,0.0,0.0,2,True,pyParaguay,0.0
Neymar,1183,8,3.0,11.0,3,True,brBrazil,0.8368554522400676
Niall Quinn,398,1,0.0,1.0,2,True,ieRep. of Ireland,0.22613065326633167
Nicklas Bendtner,241,1,0.0,1.0,1,True,dkDenmark,0.37344398340248963
Nico Claesen,718,3,0.0,3.0,2,True,beBelgium,0.3760445682451254
Nico Van Kerckhoven,270,0,0.0,0.0,2,True,beBelgium,0.0
Nico Williams,146,0,0.0,0.0,1,True,esSpain,0.0
Nicolai Jørgensen,212,0,1.0,1.0,1,True,dkDenmark,0.4245283018867924
Nicolas Anelka,116,0,0.0,0.0,1,True,frFrance,0.0
Nikica Jelavić,94,0,0.0,0.0,1,True,hrCroatia,0.0
Nikola Kotkov,90,0,0.0,0.0,1,True,bgBulgaria,0.0
Nikola Vlašić,209,0,0.0,0.0,1,True,hrCroatia,0.0
Nikola Žigić,335,2,0.0,2.0,2,True,rsSerbia,0.5373134328358209
Nikos Machlas,225,0,0.0,0.0,1,True,grGreece,0.0
Nilmar,132,0,0.0,0.0,1,True,brBrazil,0.0
Noh Soo-jin,145,0,0.0,0.0,2,True,krKorea Republic,0.0
Nordin Amrabat,255,0,0.0,0.0,1,True,maMorocco,0.0
Norman Whiteside,620,1,0.0,1.0,2,True,nirNorthern Ireland,0.14516129032258066
Nwankwo Kanu,307,0,0.0,0.0,3,True,ngNigeria,0.0
Néstor Combin,90,0,0.0,0.0,1,True,frFrance,0.0
Odion Ighalo,122,0,0.0,0.0,1,True,ngNigeria,0.0
Ola Toivonen,397,1,1.0,2.0,1,True,seSweden,0.4534005037783375
Oleg Shatov,206,0,0.0,0.0,1,True,ruRussia,0.0
Oleh Blokhin,544,2,0.0,2.0,2,True,suSoviet Union,0.33088235294117646
Oleh Protasov,310,1,0.0,1.0,2,True,suSoviet Union,0.2903225806451613
Oliver Bierhoff,531,4,1.0,5.0,2,True,deGermany,0.847457627118644
Oliver Neuville,512,2,0.0,2.0,2,True,deGermany,0.3515625
Olivier Giroud,1130,5,2.0,7.0,3,True,frFrance,0.5575221238938053
Olivier Rouyer,105,0,0.0,0.0,1,True,frFrance,0.0
Omar Bravo,270,2,0.0,2.0,1,True,mxMexico,0.6666666666666667
Onandi Lowe,180,0,0.0,0.0,1,True,jmJamaica,0.0
Oribe Peralta,300,1,1.0,2.0,2,True,mxMexico,0.6000000000000001
Oscar,1702,3,2.0,5.0,3,True,brBrazil,0.26439482961222094
Oscar Alberto Ortiz,321,0,0.0,0.0,1,True,arArgentina,0.0
Oscar Más,360,0,0.0,0.0,1,True,arArgentina,0.0
Oscar Zubía,111,0,0.0,0.0,1,True,uyUruguay,0.0
Ousmane Dembélé,598,0,2.0,2.0,2,True,frFrance,0.3010033444816054
Ove Grahn,637,1,0.0,1.0,2,True,seSweden,0.141287284144427
Ove Kindvall,384,0,0.0,0.0,2,True,seSweden,0.0
Pablo Barrera,150,0,0.0,0.0,1,True,mxMexico,0.0
Pak Doo-ik,360,1,0.0,1.0,1,True,kpKorea DPR,0.25
Pak Nam-chol,237,0,0.0,0.0,1,True,kpKorea DPR,0.0
Pak Seung-zin,360,2,0.0,2.0,1,True,kpKorea DPR,0.5
Paolo Barison,180,1,0.0,1.0,1,True,itItaly,0.5
Paolo Guerrero,209,1,1.0,2.0,1,True,pePeru,0.8612440191387559
Paolo Rossi,1204,9,0.0,9.0,2,True,itItaly,0.6727574750830565
Pape Thiaw,120,0,0.0,0.0,1,True,snSenegal,0.0
Papu Gómez,107,0,0.0,0.0,1,True,arArgentina,0.0
Paraná,90,0,0.0,0.0,1,True,brBrazil,0.0
Park Chang-sun,270,1,0.0,1.0,1,True,krKorea Republic,0.33333333333333337
Park Chu-young,521,1,0.0,1.0,3,True,krKorea Republic,0.1727447216890595
Patricio Yáñez,270,0,0.0,0.0,1,True,clChile,0.0
Patrick Kluivert,381,2,0.0,2.0,1,True,nlNetherlands,0.47244094488188976
Patrick M'Boma,465,2,0.0,2.0,2,True,cmCameroon,0.3870967741935484
Paul Hall,241,0,0.0,0.0,1,True,jmJamaica,0.0
Paul Mariner,450,1,0.0,1.0,1,True,engEngland,0.2
Paul Sturrock,129,0,0.0,0.0,1,True,sctScotland,0.0
Paul Van Himst,270,0,0.0,0.0,1,True,beBelgium,0.0
Pauleta,678,4,0.0,4.0,2,True,ptPortugal,0.5309734513274336
Paulo Cézar Caju,653,0,0.0,0.0,2,True,brBrazil,0.0
Paulo Futre,153,0,0.0,0.0,1,True,ptPortugal,0.0
Paulo Wanchope,529,3,0.0,3.0,2,True,crCosta Rica,0.5103969754253308
Pavel Chaloupka,90,0,0.0,0.0,1,True,csCzechoslovakia,0.0
Pavel Panov,216,0,0.0,0.0,1,True,bgBulgaria,0.0
Paweł Kryszałowicz,225,1,0.0,1.0,1,True,plPoland,0.4
Pedro,344,0,0.0,0.0,3,True,brBrazil,0.0
Pedro Araya Toro,270,0,0.0,0.0,1,True,clChile,0.0
Pedro Pablo León,295,0,0.0,0.0,1,True,pePeru,0.0
Pedro Pasculli,163,1,0.0,1.0,1,True,arArgentina,0.5521472392638037
Pedro Rocha,641,1,0.0,1.0,3,True,uyUruguay,0.14040561622464898
Pelé,720,5,0.0,5.0,2,True,brBrazil,0.625
Percy Rojas,99,0,0.0,0.0,1,True,pePeru,0.0
Perica Ognjenović,128,0,0.0,0.0,1,True,rsYugoslavia,0.0
Petar Zhekov,180,0,0.0,0.0,2,True,bgBulgaria,0.0
Peter Beardsley,614,1,0.0,1.0,2,True,engEngland,0.1465798045602606
Peter Crouch,342,1,0.0,1.0,2,True,engEngland,0.2631578947368421
Peter Ducke,110,0,0.0,0.0,1,True,Germany DR,0.0
Peter Lorimer,270,1,0.0,1.0,1,True,sctScotland,0.33333333333333337
Peter Møller,123,1,0.0,1.0,1,True,dkDenmark,0.7317073170731708
Peter Odemwingie,357,1,0.0,1.0,2,True,ngNigeria,0.25210084033613445
Peter Vermes,270,0,0.0,0.0,1,True,usUnited States,0.0
Peter van Vossen,198,0,0.0,0.0,1,True,nlNetherlands,0.0
Petr Janečka,212,0,0.0,0.0,1,True,csCzechoslovakia,0.0
Phil Foden,258,1,2.0,3.0,1,True,engEngland,1.0465116279069768
Phil Masinga,104,0,0.0,0.0,1,True,zaSouth Africa,0.0
Philipp Degen,390,0,0.0,0.0,1,True,chSwitzerland,0.0
Philippe Desmet,186,0,0.0,0.0,1,True,beBelgium,0.0
Philippe Gondet,270,0,0.0,0.0,1,True,frFrance,0.0
Phillip Cocu,968,2,1.0,3.0,2,True,nlNetherlands,0.27892561983471076
Pierluigi Casiraghi,202,0,0.0,0.0,1,True,itItaly,0.0
Pierre Littbarski,1151,3,0.0,3.0,3,True,deWest Germany,0.23457862728062556
Pierre Webó,219,0,0.0,0.0,2,True,cmCameroon,0.0
Pierre van Hooijdonk,92,1,0.0,1.0,1,True,nlNetherlands,0.9782608695652174
Piet Keizer,90,0,0.0,0.0,1,True,nlNetherlands,0.0
Pietro Anastasi,201,1,0.0,1.0,1,True,itItaly,0.44776119402985076
Pione Sisto,230,0,0.0,0.0,1,True,dkDenmark,0.0
Piotr Zieliński,586,1,0.0,1.0,2,True,plPoland,0.15358361774744028
Plamen Getov,295,1,0.0,1.0,1,True,bgBulgaria,0.30508474576271183
Porfirio Armando Betancourt,270,0,0.0,0.0,1,True,hnHonduras,0.0
Preben Elkjær,315,4,0.0,4.0,1,True,dkDenmark,1.1428571428571428
Predrag Mijatović,299,1,0.0,1.0,1,True,rsYugoslavia,0.3010033444816054
Prince Tagoe,208,0,0.0,0.0,1,True,ghGhana,0.0
Prudencio Norales,125,0,0.0,0.0,1,True,hnHonduras,0.0
Přemysl Bičovský,120,0,0.0,0.0,1,True,csCzechoslovakia,0.0
Qu Bo,99,0,0.0,0.0,1,True,cnChina PR,0.0
Quini,168,0,0.0,0.0,2,True,esSpain,0.0
Rabah Madjer,479,1,0.0,1.0,2,True,dzAlgeria,0.1878914405010438
Rachid Harkouk,148,0,0.0,0.0,1,True,dzAlgeria,0.0
Radamel Falcao,375,1,0.0,1.0,1,True,coColombia,0.24
Rafik Djebbour,154,0,0.0,0.0,1,True,dzAlgeria,0.0
Raheem Sterling,782,1,2.0,3.0,3,True,engEngland,0.3452685421994885
Ralf Edström,639,4,0.0,4.0,2,True,seSweden,0.5633802816901409
Ramaz Shengelia,408,1,0.0,1.0,1,True,suSoviet Union,0.22058823529411764
Ramón Díaz,188,1,0.0,1.0,1,True,arArgentina,0.4787234042553191
Randal Kolo Muani,182,1,0.0,1.0,1,True,frFrance,0.4945054945054945
Randall Brenes,106,0,0.0,0.0,1,True,crCosta Rica,0.0
Raoul Lambert,180,2,0.0,2.0,1,True,beBelgium,1.0
Raphinha,315,0,1.0,1.0,1,True,brBrazil,0.2857142857142857
Rashidi Yekini,520,1,0.0,1.0,2,True,ngNigeria,0.17307692307692307
Raymond Mommens,120,0,0.0,0.0,1,True,beBelgium,0.0
Razak Pimpong,119,0,0.0,0.0,1,True,ghGhana,0.0
Raúl,714,5,1.0,6.0,3,True,esSpain,0.7563025210084033
Raúl Isiordia,90,0,0.0,0.0,1,True,mxMexico,0.0
Raúl Jiménez,122,0,0.0,0.0,3,True,mxMexico,0.0
Reinhard Libuda,358,1,0.0,1.0,1,True,deWest Germany,0.25139664804469275
René Houseman,703,4,0.0,4.0,2,True,arArgentina,0.5120910384068279
René van de Kerkhof,608,1,0.0,1.0,2,True,nlNetherlands,0.14802631578947367
Reza Ghoochannejad,270,1,0.0,1.0,1,True,irIR Iran,0.33333333333333337
Ricardo Horta,119,1,0.0,1.0,1,True,ptPortugal,0.7563025210084033
Richard Dürr,90,0,0.0,0.0,1,True,chSwitzerland,0.0
Richarlison,323,3,0.0,3.0,1,True,brBrazil,0.8359133126934984
Richmond Forson,209,0,0.0,0.0,1,True,tgTogo,0.0
Riley McGree,265,0,1.0,1.0,1,True,auAustralia,0.33962264150943394
Ritsu Doan,217,2,0.0,2.0,1,True,jpJapan,0.8294930875576036
Rivaldo,1262,8,2.0,10.0,2,True,brBrazil,0.7131537242472267
Rob Rensenbrink,1131,6,0.0,6.0,2,True,nlNetherlands,0.47745358090185674
Robbie Findley,166,0,0.0,0.0,1,True,usUnited States,0.0
Robbie Keane,390,3,0.0,3.0,1,True,ieRep. of Ireland,0.6923076923076923
Robbie Kruse,207,0,0.0,0.0,1,True,auAustralia,0.0
Robert Fleck,95,0,0.0,0.0,1,True,sctScotland,0.0
Robert Gadocha,624,0,0.0,0.0,1,True,plPoland,0.0
Robert Hosp,270,0,0.0,0.0,1,True,chSwitzerland,0.0
Robert Jarni,945,1,2.0,3.0,3,True,hrCroatia,0.2857142857142857
Robert Lewandowski,630,2,1.0,3.0,2,True,plPoland,0.4285714285714286
Robert Pirès,138,0,0.0,0.0,1,True,frFrance,0.0
Roberto Baggio,1202,9,2.0,11.0,3,True,itItaly,0.8236272878535774
Roberto Bettega,603,2,0.0,2.0,1,True,itItaly,0.2985074626865672
Roberto Boninsegna,608,2,0.0,2.0,2,True,itItaly,0.29605263157894735
Roberto Cabañas,360,2,0.0,2.0,1,True,pyParaguay,0.5
Roberto Dinamite,450,3,0.0,3.0,1,True,brBrazil,0.6000000000000001
Roberto López Ufarte,302,1,0.0,1.0,1,True,esSpain,0.2980132450331126
Robin van Persie,1474,6,0.0,6.0,3,True,nlNetherlands,0.36635006784260515
Robinho,496,2,0.0,2.0,2,True,brBrazil,0.3629032258064516
Rodrigo Bentancur,575,0,1.0,1.0,2,True,uyUruguay,0.1565217391304348
Rodrigo Palacio,191,0,0.0,0.0,2,True,arArgentina,0.0
Roger Hunt,570,3,0.0,3.0,1,True,engEngland,0.47368421052631576
Roger Milla,581,5,0.0,5.0,3,True,cmCameroon,0.7745266781411358
Roland Nilsson,930,0,0.0,0.0,2,True,seSweden,0.0
Roland Sandberg,540,2,0.0,2.0,1,True,seSweden,0.33333333333333337
Romelu Lukaku,703,5,1.0,6.0,3,True,beBelgium,0.7681365576102419
Romeo Corbo,132,0,0.0,0.0,1,True,uyUruguay,0.0
Romário,724,5,0.0,5.0,2,True,brBrazil,0.6215469613259669
Ronald de Boer,687,2,2.0,4.0,2,True,nlNetherlands,0.5240174672489083
Ronaldinho,761,2,0.0,2.0,2,True,brBrazil,0.23653088042049936
Ronaldo,1617,15,3.0,18.0,3,True,brBrazil,1.0018552875695732
Roque Santa Cruz,855,1,0.0,1.0,3,True,pyParaguay,0.10526315789473685
Rory Fallon,220,0,0.0,0.0,1,True,nzNew Zealand,0.0
Roy Wegerle,186,0,0.0,0.0,2,True,usUnited States,0.0
Ruben Vargas,285,0,1.0,1.0,1,True,chSwitzerland,0.3157894736842105
Rubén Ayala,540,1,0.0,1.0,1,True,arArgentina,0.16666666666666669
Rubén Cano,90,0,0.0,0.0,1,True,esSpain,0.0
Rubén Sosa,277,0,0.0,0.0,1,True,uyUruguay,0.0
Rudi Völler,1048,8,0.0,8.0,3,True,deGermany,0.6870229007633587
Rune Bratseth,270,0,0.0,0.0,1,True,noNorway,0.0
Ruslan Pimenov,135,0,0.0,0.0,1,True,ruRussia,0.0
Ruud Gullit,360,1,0.0,1.0,1,True,nlNetherlands,0.25
Ruud van Nistelrooy,195,1,0.0,1.0,1,True,nlNetherlands,0.46153846153846156
Róbert Vittek,352,4,0.0,4.0,1,True,skSlovakia,1.0227272727272727
Róger Gómez,239,0,0.0,0.0,1,True,crCosta Rica,0.0
Rónald Gómez,530,3,0.0,3.0,2,True,crCosta Rica,0.5094339622641509
Rüdiger Abramczik,270,1,0.0,1.0,1,True,deWest Germany,0.33333333333333337
Saad Al-Harthi,99,0,0.0,0.0,1,True,saSaudi Arabia,0.0
Sadio Mané,270,1,0.0,1.0,1,True,snSenegal,0.33333333333333337
Saeed Al-Owairan,420,1,0.0,1.0,2,True,saSaudi Arabia,0.2142857142857143
Salah Assad,427,2,0.0,2.0,2,True,dzAlgeria,0.4215456674473068
Salah Larbès,93,0,0.0,0.0,1,True,dzAlgeria,0.0
Salaheddine Bassir,270,2,0.0,2.0,1,True,maMorocco,0.6666666666666667
Saleh Al-Shehri,223,1,0.0,1.0,1,True,saSaudi Arabia,0.40358744394618834
Salem Al-Dawsari,540,3,0.0,3.0,2,True,saSaudi Arabia,0.5
Salomon Kalou,363,1,0.0,1.0,2,True,ciCôte d'Ivoire,0.24793388429752067
Salvador Cabezas,261,0,0.0,0.0,1,True,svEl Salvador,0.0
Salvador Reyes Monteón,270,0,0.0,0.0,1,True,mxMexico,0.0
Salvatore Schillaci,536,6,0.0,6.0,1,True,itItaly,1.007462686567164
Sami Al-Jaber,602,2,0.0,2.0,4,True,saSaudi Arabia,0.29900332225913623
Sammy McIlroy,679,0,0.0,0.0,2,True,nirNorthern Ireland,0.0
Samson Siasia,213,1,0.0,1.0,1,True,ngNigeria,0.4225352112676056
Samuel Eto'o,655,3,0.0,3.0,4,True,cmCameroon,0.4122137404580153
Samuel Ipoua,109,0,0.0,0.0,1,True,cmCameroon,0.0
Sandro Mazzola,990,1,0.0,1.0,3,True,itItaly,0.09090909090909091
Santillana,360,0,0.0,0.0,2,True,esSpain,0.0
Sardar Azmoun,396,0,0.0,0.0,2,True,irIR Iran,0.0
Savo Milošević,285,0,0.0,0.0,2,True,rsS & M,0.0
Sebastián Abreu,300,0,0.0,0.0,2,True,uyUruguay,0.0
Sebastjan Cimirotič,164,1,0.0,1.0,1,True,siSlovenia,0.5487804878048781
Seo Jung-won,323,1,0.0,1.0,2,True,krKorea Republic,0.2786377708978328
Seol Ki-hyeon,667,1,0.0,1.0,2,True,krKorea Republic,0.13493253373313344
Sergej Milinković-Savić,503,1,0.0,1.0,2,True,rsSerbia,0.17892644135188865
Sergey Rodionov,198,1,0.0,1.0,2,True,suSoviet Union,0.4545454545454546
Serginho Chulapa,401,2,0.0,2.0,1,True,brBrazil,0.44887780548628425
Sergio Agüero,600,2,0.0,2.0,3,True,arArgentina,0.30000000000000004
Sergio Ahumada,270,1,0.0,1.0,1,True,clChile,0.33333333333333337
Sergio Daniel Martínez,90,0,0.0,0.0,1,True,uyUruguay,0.0
Serhiy Rebrov,178,1,0.0,1.0,1,True,uaUkraine,0.5056179775280899
Shane Smeltz,270,1,0.0,1.0,1,True,nzNew Zealand,0.33333333333333337
Shaun Bartlett,168,2,1.0,3.0,1,True,zaSouth Africa,1.607142857142857
Shaun Wright-Phillips,92,0,0.0,0.0,1,True,engEngland,0.0
Shinji Kagawa,433,1,1.0,2.0,2,True,jpJapan,0.4157043879907621
Shinji Okazaki,425,2,0.0,2.0,3,True,jpJapan,0.4235294117647058
Shoji Jo,237,0,0.0,0.0,1,True,jpJapan,0.0
Sibusiso Zuma,270,0,0.0,0.0,1,True,zaSouth Africa,0.0
Sidney Govou,225,0,0.0,0.0,2,True,frFrance,0.0
Sigfried Held,805,1,0.0,1.0,2,True,deWest Germany,0.11180124223602485
Silva Batuta,90,0,0.0,0.0,1,True,brBrazil,0.0
Simone Pepe,225,0,0.0,0.0,1,True,itItaly,0.0
Siyabonga Nomvethe,166,1,0.0,1.0,2,True,zaSouth Africa,0.5421686746987953
Slava Metreveli,180,0,0.0,0.0,1,True,suSoviet Union,0.0
Sofiane Boufal,475,0,0.0,0.0,1,True,maMorocco,0.0
Sofiane Feghouli,390,1,2.0,3.0,1,True,dzAlgeria,0.6923076923076923
Sol Campbell,875,1,0.0,1.0,3,True,engEngland,0.10285714285714287
Son Heung-min,875,3,1.0,4.0,3,True,krKorea Republic,0.4114285714285715
Stanislav Karasi,222,2,0.0,2.0,1,True,yuYugoslavia,0.8108108108108109
Stanislav Šesták,150,0,0.0,0.0,1,True,skSlovakia,0.0
Stefan Pettersson,196,0,0.0,0.0,1,True,seSweden,0.0
Stern John,270,0,0.0,0.0,1,True,ttTrin & Tobago,0.0
Steve Archibald,308,1,0.0,1.0,2,True,sctScotland,0.29220779220779225
Steve Bull,170,0,0.0,0.0,1,True,engEngland,0.0
Steve McMahon,253,0,0.0,0.0,1,True,engEngland,0.0
Steve Penney,119,0,0.0,0.0,1,True,nirNorthern Ireland,0.0
Steve Wooddin,270,1,0.0,1.0,1,True,nzNew Zealand,0.33333333333333337
Steven Bergwijn,213,0,0.0,0.0,1,True,nlNetherlands,0.0
Stoycho Mladenov,231,0,0.0,0.0,1,True,bgBulgaria,0.0
Stratos Apostolakis,180,0,0.0,0.0,1,True,grGreece,0.0
Stéphane Chapuisat,360,1,0.0,1.0,1,True,chSwitzerland,0.25
Stéphane Guivarc'h,272,0,0.0,0.0,1,True,frFrance,0.0
Sylvain Wiltord,459,0,0.0,0.0,2,True,frFrance,0.0
Sócrates,885,4,0.0,4.0,2,True,brBrazil,0.4067796610169492
Tajon Buchanan,260,0,1.0,1.0,1,True,caCanada,0.34615384615384615
Takayuki Suzuki,273,1,0.0,1.0,1,True,jpJapan,0.32967032967032966
Takefusa Kubo,90,0,0.0,0.0,1,True,jpJapan,0.0
Takuma Asano,165,1,0.0,1.0,1,True,jpJapan,0.5454545454545454
Tasos Mitropoulos,145,0,0.0,0.0,1,True,grGreece,0.0
Teddy Sheringham,247,0,0.0,0.0,2,True,engEngland,0.0
Tedj Bensaoula,166,1,0.0,1.0,2,True,dzAlgeria,0.5421686746987953
Terry Paine,90,0,0.0,0.0,1,True,engEngland,0.0
Teófilo Gutiérrez,301,1,1.0,2.0,1,True,coColombia,0.5980066445182725
Theofanis Gekas,352,0,0.0,0.0,2,True,grGreece,0.0
Thierry Henry,1169,6,0.0,6.0,4,True,frFrance,0.4619332763045338
Thomas Müller,1559,10,3.0,13.0,4,True,deGermany,0.750481077613855
Tibor Nyilasi,448,2,0.0,2.0,2,True,huHungary,0.40178571428571425
Tijani Babangida,123,1,0.0,1.0,1,True,ngNigeria,0.7317073170731708
Tim Cahill,614,5,0.0,5.0,4,True,auAustralia,0.7328990228013029
Timo Werner,265,0,0.0,0.0,1,True,deGermany,0.0
Timothy Weah,316,1,0.0,1.0,1,True,usUnited States,0.2848101265822785
Tom Turesson,123,1,0.0,1.0,1,True,seSweden,0.7317073170731708
Tomas Brolin,873,4,0.0,4.0,2,True,seSweden,0.4123711340206186
Tomi Juric,95,0,0.0,0.0,1,True,auAustralia,0.0
Tommy Coyne,227,0,0.0,0.0,1,True,ieRep. of Ireland,0.0
Tommy Oar,203,0,0.0,0.0,1,True,auAustralia,0.0
Tomáš Kříž,90,0,0.0,0.0,1,True,csCzechoslovakia,0.0
Tomáš Skuhravý,450,5,0.0,5.0,1,True,csCzechoslovakia,1.0
Toni Polster,466,1,0.0,1.0,2,True,atAustria,0.19313304721030042
Tony Cascarino,357,0,0.0,0.0,2,True,ieRep. of Ireland,0.0
Torbjörn Nilsson,90,0,0.0,0.0,1,True,seSweden,0.0
Tore André Flo,360,1,0.0,1.0,1,True,noNorway,0.25
Tostão,607,3,0.0,3.0,2,True,brBrazil,0.4448105436573311
Trevor Francis,436,2,0.0,2.0,1,True,engEngland,0.41284403669724773
Trevor Steven,441,0,0.0,0.0,2,True,engEngland,0.0
Trézéguet,237,0,0.0,0.0,1,True,egEgypt,0.0
Témime Lahzami,267,0,0.0,0.0,1,True,tnTunisia,0.0
Ulf Kirsten,96,0,1.0,1.0,1,True,deGermany,0.9375
Uli Hoeneß,558,1,0.0,1.0,1,True,deWest Germany,0.16129032258064516
Uwe Reinders,119,1,0.0,1.0,1,True,deWest Germany,0.7563025210084033
Uwe Seeler,1170,5,0.0,5.0,2,True,deWest Germany,0.38461538461538464
Vadym Yevtushenko,151,0,0.0,0.0,1,True,suSoviet Union,0.0
Vahid Amiri,265,0,0.0,0.0,1,True,irIR Iran,0.0
Vahid Hashemian,218,0,0.0,0.0,1,True,irIR Iran,0.0
Valdomiro Vaz Franco,531,1,0.0,1.0,1,True,brBrazil,0.1694915254237288
Valeriy Porkujan,270,4,0.0,4.0,1,True,suSoviet Union,1.3333333333333335
Valter Birsa,259,1,0.0,1.0,1,True,siSlovenia,0.3474903474903475
Vasil Mitkov,135,0,0.0,0.0,1,True,bgBulgaria,0.0
Vedad Ibišević,146,1,0.0,1.0,1,True,baBosnia & Herz.,0.6164383561643836
Venancio Ramos,204,0,0.0,0.0,1,True,uyUruguay,0.0
Victor Ikpeba,246,1,0.0,1.0,1,True,ngNigeria,0.3658536585365854
Victor Moses,409,1,1.0,2.0,2,True,ngNigeria,0.4400977995110024
Vincent Aboubakar,330,2,1.0,3.0,3,True,cmCameroon,0.8181818181818181
Vincenzo Iaquinta,462,2,0.0,2.0,2,True,itItaly,0.38961038961038963
Vinicius Júnior,299,1,2.0,3.0,1,True,brBrazil,0.9030100334448161
Viorel Moldovan,281,2,0.0,2.0,1,True,roRomania,0.6405693950177935
Vitaliy Khmelnytskyi,325,1,0.0,1.0,1,True,suSoviet Union,0.27692307692307694
Vitinha,120,0,0.0,0.0,1,True,ptPortugal,0.0
Vittore Gottardi,180,0,0.0,0.0,1,True,chSwitzerland,0.0
Vladimir Beschastnykh,192,1,0.0,1.0,2,True,ruRussia,0.46875
Vladimir Ponomaryov,450,0,0.0,0.0,1,True,suSoviet Union,0.0
Vladimír Weiss,344,0,0.0,0.0,2,True,skSlovakia,0.0
Voyn Voynov,254,0,0.0,0.0,1,True,bgBulgaria,0.0
Vratislav Lokvenc,136,0,0.0,0.0,1,True,czCzechia,0.0
Víctor Aristizábal,125,0,0.0,0.0,1,True,coColombia,0.0
Víctor Ibarbo,187,0,0.0,0.0,1,True,coColombia,0.0
Víctor Rangel,270,1,0.0,1.0,1,True,mxMexico,0.33333333333333337
Wahbi Khazri,345,3,2.0,5.0,2,True,tnTunisia,1.3043478260869565
Walter Casagrande,187,0,0.0,0.0,1,True,brBrazil,0.0
Walter Mantegazza,241,0,0.0,0.0,1,True,uyUruguay,0.0
Walter Martínez,127,0,0.0,0.0,1,True,hnHonduras,0.0
Walter Schachner,661,3,0.0,3.0,2,True,atAustria,0.4084720121028744
Wayne Rooney,788,1,1.0,2.0,3,True,engEngland,0.22842639593908629
Werner Krämer,90,0,0.0,0.0,1,True,deWest Germany,0.0
Wesley Sonck,108,1,0.0,1.0,1,True,beBelgium,0.8333333333333333
Wilfried Bony,166,2,0.0,2.0,1,True,ciCôte d'Ivoire,1.0843373493975905
Wilfried Puis,270,0,0.0,0.0,1,True,beBelgium,0.0
Wilhelm Kreuz,540,0,0.0,0.0,1,True,atAustria,0.0
William Ramallo,233,0,0.0,0.0,1,True,boBolivia,0.0
Willian,512,0,1.0,1.0,2,True,brBrazil,0.17578125
Willie Johnston,90,0,0.0,0.0,1,True,sctScotland,0.0
Wilmar Cabrera,135,0,0.0,0.0,1,True,uyUruguay,0.0
Wim Kieft,164,1,0.0,1.0,1,True,nlNetherlands,0.5487804878048781
Wolfgang Overath,1762,3,0.0,3.0,3,True,deWest Germany,0.1532349602724177
Wolfram Löwe,198,0,0.0,0.0,1,True,Germany DR,0.0
Wynton Rufer,257,0,0.0,0.0,1,True,nzNew Zealand,0.0
Włodzimierz Ciołek,110,1,0.0,1.0,1,True,plPoland,0.8181818181818181
Włodzimierz Lubański,200,0,0.0,0.0,1,True,plPoland,0.0
Włodzimierz Smolarek,852,2,0.0,2.0,2,True,plPoland,0.2112676056338028
Xherdan Shaqiri,978,5,2.0,7.0,4,True,chSwitzerland,0.6441717791411044
Yacine Brahimi,189,1,1.0,2.0,1,True,dzAlgeria,0.9523809523809523
Yakubu Aiyegbeni,249,1,0.0,1.0,1,True,ngNigeria,0.36144578313253006
Yang Chen,137,0,0.0,0.0,1,True,cnChina PR,0.0
Yang Seung-kook,180,1,0.0,1.0,1,True,kpKorea DPR,0.5
Yannick Carrasco,354,0,0.0,0.0,2,True,beBelgium,0.0
Yannick Stopyra,481,2,0.0,2.0,1,True,frFrance,0.37422037422037424
Yao Junior Sènaya,166,0,0.0,0.0,1,True,tgTogo,0.0
Yasser Al-Qahtani,171,1,0.0,1.0,1,True,saSaudi Arabia,0.5263157894736842
Yegor Titov,270,1,0.0,1.0,1,True,ruRussia,0.33333333333333337
Yehoshua Feigenbaum,225,0,0.0,0.0,1,True,ilIsrael,0.0
Yeom Ki-hun,249,0,0.0,0.0,1,True,krKorea Republic,0.0
Yoel Bárcenas,220,0,0.0,0.0,1,True,paPanama,0.0
Yoshito Ōkubo,553,0,0.0,0.0,2,True,jpJapan,0.0
Younès Belhanda,226,0,0.0,0.0,1,True,maMorocco,0.0
Youri Djorkaeff,662,1,3.0,4.0,2,True,frFrance,0.5438066465256798
Youri Tielemans,271,0,2.0,2.0,2,True,beBelgium,0.6642066420664207
Youssef En-Nesyri,561,3,0.0,3.0,2,True,maMorocco,0.48128342245989303
Youssef Msakni,169,0,0.0,0.0,1,True,tnTunisia,0.0
Yussuf Poulsen,268,1,0.0,1.0,1,True,dkDenmark,0.33582089552238803
Yuya Osako,430,1,0.0,1.0,2,True,jpJapan,0.20930232558139533
Zbigniew Boniek,1282,6,0.0,6.0,3,True,plPoland,0.421216848673947
Zdeněk Nehoda,270,0,0.0,0.0,1,True,csCzechoslovakia,0.0
Zhivko Gospodinov,253,0,0.0,0.0,1,True,bgBulgaria,0.0
Ziad Jaziri,480,1,0.0,1.0,2,True,tnTunisia,0.1875
Zlatan Ibrahimović,254,0,0.0,0.0,2,True,seSweden,0.0
Zlatan Ljubijankić,172,1,0.0,1.0,1,True,siSlovenia,0.5232558139534884
Zlatko Vujović,678,0,0.0,0.0,2,True,yuYugoslavia,0.0
Álvaro Recoba,259,1,0.0,1.0,1,True,uyUruguay,0.3474903474903475
Ángel Di María,1303,3,1.0,4.0,4,True,arArgentina,0.2762854950115119
Éder,206,0,0.0,0.0,1,True,ptPortugal,0.0
Éder Aleixo de Assis,450,2,0.0,2.0,1,True,brBrazil,0.4
Émile Mbouh,570,0,0.0,0.0,2,True,cmCameroon,0.0
Óscar Cardozo,206,0,0.0,0.0,1,True,pyParaguay,0.0
Örjan Persson,285,0,0.0,0.0,2,True,seSweden,0.0
İlhan Mansız,236,3,0.0,3.0,1,True,trTürkiye,1.1440677966101696
